-- MySQL dump 10.13  Distrib 8.0.38, for Win64 (x86_64)
--
-- Host: localhost    Database: centro_recursos_asonog
-- ------------------------------------------------------
-- Server version	8.0.39

/*!40101 SET @OLD_CHARACTER_SET_CLIENT=@@CHARACTER_SET_CLIENT */;
/*!40101 SET @OLD_CHARACTER_SET_RESULTS=@@CHARACTER_SET_RESULTS */;
/*!40101 SET @OLD_COLLATION_CONNECTION=@@COLLATION_CONNECTION */;
/*!50503 SET NAMES utf8 */;
/*!40103 SET @OLD_TIME_ZONE=@@TIME_ZONE */;
/*!40103 SET TIME_ZONE='+00:00' */;
/*!40014 SET @OLD_UNIQUE_CHECKS=@@UNIQUE_CHECKS, UNIQUE_CHECKS=0 */;
/*!40014 SET @OLD_FOREIGN_KEY_CHECKS=@@FOREIGN_KEY_CHECKS, FOREIGN_KEY_CHECKS=0 */;
/*!40101 SET @OLD_SQL_MODE=@@SQL_MODE, SQL_MODE='NO_AUTO_VALUE_ON_ZERO' */;
/*!40111 SET @OLD_SQL_NOTES=@@SQL_NOTES, SQL_NOTES=0 */;

--
-- Table structure for table `bitacora_acceso`
--

DROP TABLE IF EXISTS `bitacora_acceso`;
/*!40101 SET @saved_cs_client     = @@character_set_client */;
/*!50503 SET character_set_client = utf8mb4 */;
CREATE TABLE `bitacora_acceso` (
  `id` int NOT NULL AUTO_INCREMENT,
  `user_id` int NOT NULL,
  `ip_address` varchar(45) DEFAULT NULL,
  `user_agent` text,
  `operating_system` varchar(255) DEFAULT NULL,
  `fecha_acceso` timestamp NULL DEFAULT (now()),
  PRIMARY KEY (`id`),
  KEY `bitacora_acceso_ibfk_1` (`user_id`),
  CONSTRAINT `bitacora_acceso_ibfk_1` FOREIGN KEY (`user_id`) REFERENCES `usuarios` (`id`) ON DELETE CASCADE
) ENGINE=InnoDB AUTO_INCREMENT=137 DEFAULT CHARSET=utf8mb4 COLLATE=utf8mb4_0900_ai_ci;
/*!40101 SET character_set_client = @saved_cs_client */;

--
-- Dumping data for table `bitacora_acceso`
--

LOCK TABLES `bitacora_acceso` WRITE;
/*!40000 ALTER TABLE `bitacora_acceso` DISABLE KEYS */;
INSERT INTO `bitacora_acceso` VALUES (1,33,'::1','Mozilla/5.0 (Windows NT 10.0; Win64; x64) AppleWebKit/537.36 (KHTML, like Gecko) Chrome/129.0.0.0 Safari/537.36','Windows 10','2024-10-15 02:31:53'),(2,32,'::1','Mozilla/5.0 (Windows NT 10.0; Win64; x64) AppleWebKit/537.36 (KHTML, like Gecko) Chrome/129.0.0.0 Safari/537.36','Windows 10','2024-10-15 02:42:01'),(3,32,'::1','Mozilla/5.0 (Windows NT 10.0; Win64; x64) AppleWebKit/537.36 (KHTML, like Gecko) Chrome/129.0.0.0 Safari/537.36','Windows 10','2024-10-15 02:43:02'),(4,32,'::1','Mozilla/5.0 (Windows NT 10.0; Win64; x64) AppleWebKit/537.36 (KHTML, like Gecko) Chrome/129.0.0.0 Safari/537.36','Windows 10','2024-10-15 02:43:50'),(5,32,'::1','Mozilla/5.0 (Windows NT 10.0; Win64; x64) AppleWebKit/537.36 (KHTML, like Gecko) Chrome/129.0.0.0 Safari/537.36','Windows 10','2024-10-15 02:50:32'),(6,32,'::1','Mozilla/5.0 (Windows NT 10.0; Win64; x64) AppleWebKit/537.36 (KHTML, like Gecko) Chrome/129.0.0.0 Safari/537.36','Windows 10','2024-10-15 02:54:20'),(7,34,'::1','Mozilla/5.0 (Windows NT 10.0; Win64; x64) AppleWebKit/537.36 (KHTML, like Gecko) Chrome/129.0.0.0 Safari/537.36','Windows 10','2024-10-15 02:55:12'),(8,34,'::1','Mozilla/5.0 (Windows NT 10.0; Win64; x64) AppleWebKit/537.36 (KHTML, like Gecko) Chrome/129.0.0.0 Safari/537.36 Edg/129.0.0.0','Windows 10','2024-10-15 02:56:26'),(9,32,'::1','Mozilla/5.0 (Windows NT 10.0; Win64; x64) AppleWebKit/537.36 (KHTML, like Gecko) Chrome/129.0.0.0 Safari/537.36','Windows 10','2024-10-15 03:03:15'),(10,32,'::1','Mozilla/5.0 (Windows NT 10.0; Win64; x64) AppleWebKit/537.36 (KHTML, like Gecko) Chrome/129.0.0.0 Safari/537.36','Windows 10','2024-10-15 03:03:15'),(11,32,'::1','Mozilla/5.0 (Windows NT 10.0; Win64; x64) AppleWebKit/537.36 (KHTML, like Gecko) Chrome/129.0.0.0 Safari/537.36','Windows 10','2024-10-15 03:03:15'),(12,32,'::1','Mozilla/5.0 (Windows NT 10.0; Win64; x64) AppleWebKit/537.36 (KHTML, like Gecko) Chrome/129.0.0.0 Safari/537.36','Windows 10','2024-10-15 03:03:15'),(13,32,'::1','Mozilla/5.0 (Windows NT 10.0; Win64; x64) AppleWebKit/537.36 (KHTML, like Gecko) Chrome/129.0.0.0 Safari/537.36','Windows 10','2024-10-15 03:03:15'),(14,32,'::1','Mozilla/5.0 (Windows NT 10.0; Win64; x64) AppleWebKit/537.36 (KHTML, like Gecko) Chrome/129.0.0.0 Safari/537.36','Windows 10','2024-10-15 03:03:15'),(15,34,'::1','Mozilla/5.0 (Windows NT 10.0; Win64; x64) AppleWebKit/537.36 (KHTML, like Gecko) Chrome/129.0.0.0 Safari/537.36','Windows 10','2024-10-15 03:05:26'),(16,34,'::1','Mozilla/5.0 (Windows NT 10.0; Win64; x64) AppleWebKit/537.36 (KHTML, like Gecko) Chrome/129.0.0.0 Safari/537.36','Windows 10','2024-10-15 03:05:26'),(17,34,'::1','Mozilla/5.0 (Windows NT 10.0; Win64; x64) AppleWebKit/537.36 (KHTML, like Gecko) Chrome/129.0.0.0 Safari/537.36','Windows 10','2024-10-15 03:05:26'),(18,34,'::1','Mozilla/5.0 (Windows NT 10.0; Win64; x64) AppleWebKit/537.36 (KHTML, like Gecko) Chrome/129.0.0.0 Safari/537.36','Windows 10','2024-10-15 03:05:26'),(19,34,'::1','Mozilla/5.0 (Windows NT 10.0; Win64; x64) AppleWebKit/537.36 (KHTML, like Gecko) Chrome/129.0.0.0 Safari/537.36','Windows 10','2024-10-15 03:05:26'),(20,34,'::1','Mozilla/5.0 (Windows NT 10.0; Win64; x64) AppleWebKit/537.36 (KHTML, like Gecko) Chrome/129.0.0.0 Safari/537.36','Windows 10','2024-10-15 03:05:26'),(21,32,'::1','Mozilla/5.0 (Windows NT 10.0; Win64; x64) AppleWebKit/537.36 (KHTML, like Gecko) Chrome/129.0.0.0 Safari/537.36','Windows 10','2024-10-15 03:08:38'),(22,34,'::1','Mozilla/5.0 (Windows NT 10.0; Win64; x64) AppleWebKit/537.36 (KHTML, like Gecko) Chrome/129.0.0.0 Safari/537.36','Windows 10','2024-10-15 03:09:00'),(23,34,'::1','Mozilla/5.0 (Windows NT 10.0; Win64; x64) AppleWebKit/537.36 (KHTML, like Gecko) Chrome/129.0.0.0 Safari/537.36','Windows 10','2024-10-15 03:12:42'),(24,32,'::1','Mozilla/5.0 (Windows NT 10.0; Win64; x64) AppleWebKit/537.36 (KHTML, like Gecko) Chrome/129.0.0.0 Safari/537.36','Windows 10','2024-10-15 03:14:23'),(25,32,'::1','Mozilla/5.0 (Windows NT 10.0; Win64; x64) AppleWebKit/537.36 (KHTML, like Gecko) Chrome/129.0.0.0 Safari/537.36','Windows 10','2024-10-15 03:32:15'),(26,40,'::1','Mozilla/5.0 (Windows NT 10.0; Win64; x64) AppleWebKit/537.36 (KHTML, like Gecko) Chrome/129.0.0.0 Safari/537.36','Windows 10','2024-10-15 03:36:44'),(27,41,'::1','Mozilla/5.0 (Windows NT 10.0; Win64; x64) AppleWebKit/537.36 (KHTML, like Gecko) Chrome/129.0.0.0 Safari/537.36','Windows 10','2024-10-15 03:39:31'),(28,42,'::1','Mozilla/5.0 (Windows NT 10.0; Win64; x64) AppleWebKit/537.36 (KHTML, like Gecko) Chrome/129.0.0.0 Safari/537.36','Windows 10','2024-10-15 03:41:11'),(29,32,'::1','Mozilla/5.0 (Windows NT 10.0; Win64; x64) AppleWebKit/537.36 (KHTML, like Gecko) Chrome/129.0.0.0 Safari/537.36','Windows 10','2024-10-15 04:04:51'),(30,32,'::1','Mozilla/5.0 (Windows NT 10.0; Win64; x64) AppleWebKit/537.36 (KHTML, like Gecko) Chrome/129.0.0.0 Safari/537.36','Windows 10','2024-10-15 04:05:23'),(31,34,'::1','Mozilla/5.0 (Windows NT 10.0; Win64; x64) AppleWebKit/537.36 (KHTML, like Gecko) Chrome/129.0.0.0 Safari/537.36','Windows 10','2024-10-15 04:06:10'),(32,44,'::1','Mozilla/5.0 (Windows NT 10.0; Win64; x64) AppleWebKit/537.36 (KHTML, like Gecko) Chrome/129.0.0.0 Safari/537.36','Windows 10','2024-10-15 04:14:40'),(33,44,'::1','Mozilla/5.0 (Windows NT 10.0; Win64; x64) AppleWebKit/537.36 (KHTML, like Gecko) Chrome/129.0.0.0 Safari/537.36','Windows 10','2024-10-15 04:15:15'),(34,45,'::1','Mozilla/5.0 (Windows NT 10.0; Win64; x64) AppleWebKit/537.36 (KHTML, like Gecko) Chrome/129.0.0.0 Safari/537.36','Windows 10','2024-10-15 04:17:02'),(35,45,'::1','Mozilla/5.0 (Windows NT 10.0; Win64; x64) AppleWebKit/537.36 (KHTML, like Gecko) Chrome/129.0.0.0 Safari/537.36','Windows 10','2024-10-15 04:23:23'),(36,45,'186.96.255.150','Mozilla/5.0 (Windows NT 10.0; Win64; x64) AppleWebKit/537.36 (KHTML, like Gecko) Chrome/129.0.0.0 Safari/537.36','Windows 10','2024-10-15 04:26:20'),(37,46,'186.96.255.150','Mozilla/5.0 (Windows NT 10.0; Win64; x64) AppleWebKit/537.36 (KHTML, like Gecko) Chrome/129.0.0.0 Safari/537.36','Windows 10','2024-10-15 04:27:46'),(38,47,'::1','Mozilla/5.0 (Windows NT 10.0; Win64; x64) AppleWebKit/537.36 (KHTML, like Gecko) Chrome/129.0.0.0 Safari/537.36','Windows 10','2024-10-15 04:33:28'),(39,47,'::1','Mozilla/5.0 (Windows NT 10.0; Win64; x64) AppleWebKit/537.36 (KHTML, like Gecko) Chrome/129.0.0.0 Safari/537.36','Windows 10','2024-10-15 04:35:39'),(40,47,'::1','Mozilla/5.0 (Windows NT 10.0; Win64; x64) AppleWebKit/537.36 (KHTML, like Gecko) Chrome/129.0.0.0 Safari/537.36','Windows 10','2024-10-15 04:48:49'),(41,45,'::1','Mozilla/5.0 (Windows NT 10.0; Win64; x64) AppleWebKit/537.36 (KHTML, like Gecko) Chrome/129.0.0.0 Safari/537.36','Windows 10','2024-10-15 04:49:43'),(42,32,'186.96.255.150','Mozilla/5.0 (Windows NT 10.0; Win64; x64) AppleWebKit/537.36 (KHTML, like Gecko) Chrome/129.0.0.0 Safari/537.36','Windows 10','2024-10-15 20:32:56'),(43,32,'186.96.255.150','Mozilla/5.0 (iPhone; CPU iPhone OS 18_0 like Mac OS X) AppleWebKit/605.1.15 (KHTML, like Gecko) CriOS/129.0.6668.69 Mobile/15E148 Safari/604.1','Mac OS','2024-10-15 20:33:51'),(44,32,'186.96.255.150','Mozilla/5.0 (Android 13; Mobile; rv:131.0) Gecko/131.0 Firefox/131.0','Android','2024-10-15 20:39:54'),(45,48,'186.96.255.150','Mozilla/5.0 (Windows NT 10.0; Win64; x64) AppleWebKit/537.36 (KHTML, like Gecko) Chrome/129.0.0.0 Safari/537.36','Windows 10','2024-10-15 20:51:15'),(46,32,'186.96.255.150','Mozilla/5.0 (Windows NT 10.0; Win64; x64) AppleWebKit/537.36 (KHTML, like Gecko) Chrome/129.0.0.0 Safari/537.36','Windows 10','2024-10-15 20:52:01'),(47,32,'186.96.255.150','Mozilla/5.0 (Windows NT 10.0; Win64; x64) AppleWebKit/537.36 (KHTML, like Gecko) Chrome/129.0.0.0 Safari/537.36','Windows 10','2024-10-15 20:57:20'),(48,32,'186.96.255.150','Mozilla/5.0 (Windows NT 10.0; Win64; x64) AppleWebKit/537.36 (KHTML, like Gecko) Chrome/129.0.0.0 Safari/537.36','Windows 10','2024-10-15 21:22:09'),(49,32,'186.96.255.150','Mozilla/5.0 (Windows NT 10.0; Win64; x64) AppleWebKit/537.36 (KHTML, like Gecko) Chrome/129.0.0.0 Safari/537.36','Windows 10','2024-10-15 21:22:51'),(50,32,'186.96.255.150','Mozilla/5.0 (Windows NT 10.0; Win64; x64) AppleWebKit/537.36 (KHTML, like Gecko) Chrome/129.0.0.0 Safari/537.36','Windows 10','2024-10-15 15:32:09'),(51,32,'186.96.255.150','Mozilla/5.0 (Windows NT 10.0; Win64; x64) AppleWebKit/537.36 (KHTML, like Gecko) Chrome/129.0.0.0 Safari/537.36','Windows 10','2024-10-15 15:33:41'),(52,48,'::1','Mozilla/5.0 (Windows NT 10.0; Win64; x64) AppleWebKit/537.36 (KHTML, like Gecko) Chrome/129.0.0.0 Safari/537.36','Windows 10','2024-10-15 21:40:28'),(53,48,'::1','Mozilla/5.0 (Windows NT 10.0; Win64; x64) AppleWebKit/537.36 (KHTML, like Gecko) Chrome/129.0.0.0 Safari/537.36','Windows 10','2024-10-15 21:41:01'),(54,32,'186.96.255.150','Mozilla/5.0 (Windows NT 10.0; Win64; x64) AppleWebKit/537.36 (KHTML, like Gecko) Chrome/129.0.0.0 Safari/537.36','Windows 10','2024-10-15 21:43:04'),(55,32,'186.96.255.150','Mozilla/5.0 (Windows NT 10.0; Win64; x64) AppleWebKit/537.36 (KHTML, like Gecko) Chrome/129.0.0.0 Safari/537.36','Windows 10','2024-10-15 21:44:31'),(56,32,'::1','Mozilla/5.0 (Windows NT 10.0; Win64; x64) AppleWebKit/537.36 (KHTML, like Gecko) Chrome/129.0.0.0 Safari/537.36','Windows 10','2024-10-15 21:49:39'),(57,49,'::1','Mozilla/5.0 (Windows NT 10.0; Win64; x64) AppleWebKit/537.36 (KHTML, like Gecko) Chrome/129.0.0.0 Safari/537.36','Windows 10','2024-10-15 21:51:29'),(58,32,'::1','Mozilla/5.0 (Windows NT 10.0; Win64; x64) AppleWebKit/537.36 (KHTML, like Gecko) Chrome/129.0.0.0 Safari/537.36','Windows 10','2024-10-15 21:51:54'),(59,58,'::1','Mozilla/5.0 (Windows NT 10.0; Win64; x64) AppleWebKit/537.36 (KHTML, like Gecko) Chrome/129.0.0.0 Safari/537.36','Windows 10','2024-10-15 22:33:35'),(60,58,'::1','Mozilla/5.0 (Windows NT 10.0; Win64; x64) AppleWebKit/537.36 (KHTML, like Gecko) Chrome/129.0.0.0 Safari/537.36','Windows 10','2024-10-15 22:35:25'),(61,60,'::1','Mozilla/5.0 (Windows NT 10.0; Win64; x64) AppleWebKit/537.36 (KHTML, like Gecko) Chrome/129.0.0.0 Safari/537.36','Windows 10','2024-10-15 23:38:35'),(62,60,'::1','Mozilla/5.0 (Windows NT 10.0; Win64; x64) AppleWebKit/537.36 (KHTML, like Gecko) Chrome/129.0.0.0 Safari/537.36','Windows 10','2024-10-15 23:58:16'),(63,61,'::1','Mozilla/5.0 (Windows NT 10.0; Win64; x64) AppleWebKit/537.36 (KHTML, like Gecko) Chrome/129.0.0.0 Safari/537.36','Windows 10','2024-10-15 23:58:31'),(64,65,'::1','Mozilla/5.0 (Windows NT 10.0; Win64; x64) AppleWebKit/537.36 (KHTML, like Gecko) Chrome/129.0.0.0 Safari/537.36','Windows 10','2024-10-16 03:17:27'),(65,67,'::1','Mozilla/5.0 (Windows NT 10.0; Win64; x64) AppleWebKit/537.36 (KHTML, like Gecko) Chrome/129.0.0.0 Safari/537.36','Windows 10','2024-10-16 04:23:54'),(66,74,'::1','Mozilla/5.0 (Windows NT 10.0; Win64; x64) AppleWebKit/537.36 (KHTML, like Gecko) Chrome/129.0.0.0 Safari/537.36','Windows 10','2024-10-16 04:40:48'),(67,32,'::1','Mozilla/5.0 (Windows NT 10.0; Win64; x64) AppleWebKit/537.36 (KHTML, like Gecko) Chrome/129.0.0.0 Safari/537.36','Windows 10','2024-10-16 20:51:46'),(68,75,'::1','Mozilla/5.0 (Windows NT 10.0; Win64; x64) AppleWebKit/537.36 (KHTML, like Gecko) Chrome/129.0.0.0 Safari/537.36','Windows 10','2024-10-17 02:05:02'),(69,75,'::1','Mozilla/5.0 (Windows NT 10.0; Win64; x64) AppleWebKit/537.36 (KHTML, like Gecko) Chrome/129.0.0.0 Safari/537.36','Windows 10','2024-10-17 02:07:44'),(70,75,'::1','Mozilla/5.0 (Windows NT 10.0; Win64; x64) AppleWebKit/537.36 (KHTML, like Gecko) Chrome/129.0.0.0 Safari/537.36','Windows 10','2024-10-17 02:08:35'),(71,32,'::1','Mozilla/5.0 (Windows NT 10.0; Win64; x64) AppleWebKit/537.36 (KHTML, like Gecko) Chrome/129.0.0.0 Safari/537.36','Windows 10','2024-10-17 20:47:30'),(72,32,'::1','Mozilla/5.0 (Windows NT 10.0; Win64; x64) AppleWebKit/537.36 (KHTML, like Gecko) Chrome/129.0.0.0 Safari/537.36','Windows 10','2024-10-17 22:02:31'),(73,32,'::1','Mozilla/5.0 (Windows NT 10.0; Win64; x64) AppleWebKit/537.36 (KHTML, like Gecko) Chrome/129.0.0.0 Safari/537.36','Windows 10','2024-10-18 01:46:41'),(74,32,'::1','Mozilla/5.0 (Windows NT 10.0; Win64; x64) AppleWebKit/537.36 (KHTML, like Gecko) Chrome/129.0.0.0 Safari/537.36','Windows 10','2024-10-18 01:55:37'),(75,32,'::1','Mozilla/5.0 (Windows NT 10.0; Win64; x64) AppleWebKit/537.36 (KHTML, like Gecko) Chrome/129.0.0.0 Safari/537.36','Windows 10','2024-10-18 01:58:13'),(76,76,'::1','Mozilla/5.0 (Windows NT 10.0; Win64; x64) AppleWebKit/537.36 (KHTML, like Gecko) Chrome/129.0.0.0 Safari/537.36','Windows 10','2024-10-18 02:03:39'),(77,77,'::1','Mozilla/5.0 (Windows NT 10.0; Win64; x64) AppleWebKit/537.36 (KHTML, like Gecko) Chrome/129.0.0.0 Safari/537.36','Windows 10','2024-10-18 02:10:15'),(78,79,'::1','Mozilla/5.0 (Windows NT 10.0; Win64; x64) AppleWebKit/537.36 (KHTML, like Gecko) Chrome/129.0.0.0 Safari/537.36 Edg/129.0.0.0','Windows 10','2024-10-18 02:16:48'),(79,79,'::1','Mozilla/5.0 (Windows NT 10.0; Win64; x64) AppleWebKit/537.36 (KHTML, like Gecko) Chrome/129.0.0.0 Safari/537.36 Edg/129.0.0.0','Windows 10','2024-10-18 02:18:05'),(80,79,'::1','Mozilla/5.0 (Windows NT 10.0; Win64; x64) AppleWebKit/537.36 (KHTML, like Gecko) Chrome/129.0.0.0 Safari/537.36 Edg/129.0.0.0','Windows 10','2024-10-18 02:22:21'),(81,79,'::1','Mozilla/5.0 (Windows NT 10.0; Win64; x64) AppleWebKit/537.36 (KHTML, like Gecko) Chrome/129.0.0.0 Safari/537.36 Edg/129.0.0.0','Windows 10','2024-10-18 02:25:21'),(82,79,'::1','Mozilla/5.0 (Windows NT 10.0; Win64; x64) AppleWebKit/537.36 (KHTML, like Gecko) Chrome/129.0.0.0 Safari/537.36 Edg/129.0.0.0','Windows 10','2024-10-18 02:27:48'),(83,79,'::1','Mozilla/5.0 (Windows NT 10.0; Win64; x64) AppleWebKit/537.36 (KHTML, like Gecko) Chrome/129.0.0.0 Safari/537.36 Edg/129.0.0.0','Windows 10','2024-10-18 02:28:11'),(84,79,'::1','Mozilla/5.0 (Windows NT 10.0; Win64; x64) AppleWebKit/537.36 (KHTML, like Gecko) Chrome/129.0.0.0 Safari/537.36 Edg/129.0.0.0','Windows 10','2024-10-18 02:28:25'),(85,79,'::1','Mozilla/5.0 (Windows NT 10.0; Win64; x64) AppleWebKit/537.36 (KHTML, like Gecko) Chrome/129.0.0.0 Safari/537.36 Edg/129.0.0.0','Windows 10','2024-10-18 02:50:57'),(86,32,'::1','Mozilla/5.0 (Windows NT 10.0; Win64; x64) AppleWebKit/537.36 (KHTML, like Gecko) Chrome/129.0.0.0 Safari/537.36','Windows 10','2024-10-18 03:08:26'),(87,76,'::1','Mozilla/5.0 (Windows NT 10.0; Win64; x64) AppleWebKit/537.36 (KHTML, like Gecko) Chrome/129.0.0.0 Safari/537.36','Windows 10','2024-10-18 03:08:44'),(88,76,'::1','Mozilla/5.0 (Windows NT 10.0; Win64; x64) AppleWebKit/537.36 (KHTML, like Gecko) Chrome/129.0.0.0 Safari/537.36','Windows 10','2024-10-18 03:09:04'),(89,76,'::1','Mozilla/5.0 (Windows NT 10.0; Win64; x64) AppleWebKit/537.36 (KHTML, like Gecko) Chrome/129.0.0.0 Safari/537.36','Windows 10','2024-10-18 03:09:22'),(90,76,'::1','Mozilla/5.0 (Windows NT 10.0; Win64; x64) AppleWebKit/537.36 (KHTML, like Gecko) Chrome/129.0.0.0 Safari/537.36','Windows 10','2024-10-18 03:12:50'),(91,32,'::1','Mozilla/5.0 (Windows NT 10.0; Win64; x64) AppleWebKit/537.36 (KHTML, like Gecko) Chrome/129.0.0.0 Safari/537.36','Windows 10','2024-10-18 09:23:57'),(92,32,'::1','Mozilla/5.0 (Windows NT 10.0; Win64; x64) AppleWebKit/537.36 (KHTML, like Gecko) Chrome/129.0.0.0 Safari/537.36','Windows 10','2024-10-18 20:29:36'),(93,82,'::1','Mozilla/5.0 (Windows NT 10.0; Win64; x64) AppleWebKit/537.36 (KHTML, like Gecko) Chrome/129.0.0.0 Safari/537.36','Windows 10','2024-10-18 20:52:03'),(94,83,'::1','Mozilla/5.0 (Windows NT 10.0; Win64; x64) AppleWebKit/537.36 (KHTML, like Gecko) Chrome/129.0.0.0 Safari/537.36','Windows 10','2024-10-18 20:56:04'),(95,83,'::1','Mozilla/5.0 (Windows NT 10.0; Win64; x64) AppleWebKit/537.36 (KHTML, like Gecko) Chrome/129.0.0.0 Safari/537.36','Windows 10','2024-10-18 20:57:04'),(96,83,'::1','Mozilla/5.0 (Windows NT 10.0; Win64; x64) AppleWebKit/537.36 (KHTML, like Gecko) Chrome/129.0.0.0 Safari/537.36','Windows 10','2024-10-18 20:58:06'),(97,84,'::1','Mozilla/5.0 (Windows NT 10.0; Win64; x64) AppleWebKit/537.36 (KHTML, like Gecko) Chrome/129.0.0.0 Safari/537.36','Windows 10','2024-10-18 21:00:03'),(98,83,'::1','Mozilla/5.0 (Windows NT 10.0; Win64; x64) AppleWebKit/537.36 (KHTML, like Gecko) Chrome/129.0.0.0 Safari/537.36','Windows 10','2024-10-18 21:02:37'),(99,32,'::1','Mozilla/5.0 (Windows NT 10.0; Win64; x64) AppleWebKit/537.36 (KHTML, like Gecko) Chrome/129.0.0.0 Safari/537.36','Windows 10','2024-10-18 21:10:04'),(100,32,'::1','Mozilla/5.0 (Windows NT 10.0; Win64; x64) AppleWebKit/537.36 (KHTML, like Gecko) Chrome/129.0.0.0 Safari/537.36','Windows 10','2024-10-18 22:44:02'),(101,34,'::1','Mozilla/5.0 (Windows NT 10.0; Win64; x64) AppleWebKit/537.36 (KHTML, like Gecko) Chrome/129.0.0.0 Safari/537.36','Windows 10','2024-10-18 22:50:18'),(102,34,'::1','Mozilla/5.0 (Windows NT 10.0; Win64; x64) AppleWebKit/537.36 (KHTML, like Gecko) Chrome/129.0.0.0 Safari/537.36','Windows 10','2024-10-18 23:28:04'),(103,34,'::1','Mozilla/5.0 (Windows NT 10.0; Win64; x64) AppleWebKit/537.36 (KHTML, like Gecko) Chrome/129.0.0.0 Safari/537.36','Windows 10','2024-10-18 23:33:16'),(104,32,'::1','Mozilla/5.0 (Windows NT 10.0; Win64; x64) AppleWebKit/537.36 (KHTML, like Gecko) Chrome/129.0.0.0 Safari/537.36','Windows 10','2024-10-19 01:23:05'),(105,76,'::1','Mozilla/5.0 (Windows NT 10.0; Win64; x64) AppleWebKit/537.36 (KHTML, like Gecko) Chrome/129.0.0.0 Safari/537.36','Windows 10','2024-10-19 01:26:12'),(106,86,'::1','Mozilla/5.0 (Windows NT 10.0; Win64; x64) AppleWebKit/537.36 (KHTML, like Gecko) Chrome/129.0.0.0 Safari/537.36','Windows 10','2024-10-19 02:56:57'),(107,85,'::1','Mozilla/5.0 (Windows NT 10.0; Win64; x64) AppleWebKit/537.36 (KHTML, like Gecko) Chrome/129.0.0.0 Safari/537.36','Windows 10','2024-10-19 02:58:38'),(108,86,'::1','Mozilla/5.0 (Windows NT 10.0; Win64; x64) AppleWebKit/537.36 (KHTML, like Gecko) Chrome/129.0.0.0 Safari/537.36','Windows 10','2024-10-19 03:06:00'),(109,86,'::1','Mozilla/5.0 (Windows NT 10.0; Win64; x64) AppleWebKit/537.36 (KHTML, like Gecko) Chrome/129.0.0.0 Safari/537.36','Windows 10','2024-10-19 03:10:59'),(110,34,'::1','Mozilla/5.0 (Windows NT 10.0; Win64; x64) AppleWebKit/537.36 (KHTML, like Gecko) Chrome/129.0.0.0 Safari/537.36','Windows 10','2024-10-19 03:26:42'),(111,87,'::1','Mozilla/5.0 (Windows NT 10.0; Win64; x64) AppleWebKit/537.36 (KHTML, like Gecko) Chrome/129.0.0.0 Safari/537.36','Windows 10','2024-10-19 04:10:59'),(112,34,'::1','Mozilla/5.0 (Windows NT 10.0; Win64; x64) AppleWebKit/537.36 (KHTML, like Gecko) Chrome/129.0.0.0 Safari/537.36','Windows 10','2024-10-21 22:39:58'),(113,34,'::1','Mozilla/5.0 (Windows NT 10.0; Win64; x64) AppleWebKit/537.36 (KHTML, like Gecko) Chrome/129.0.0.0 Safari/537.36','Windows 10','2024-10-22 01:10:11'),(114,34,'::1','Mozilla/5.0 (Windows NT 10.0; Win64; x64) AppleWebKit/537.36 (KHTML, like Gecko) Chrome/129.0.0.0 Safari/537.36','Windows 10','2024-10-22 04:02:08'),(115,34,'::1','Mozilla/5.0 (Windows NT 10.0; Win64; x64) AppleWebKit/537.36 (KHTML, like Gecko) Chrome/129.0.0.0 Safari/537.36','Windows 10','2024-10-22 20:35:41'),(116,34,'::1','Mozilla/5.0 (Windows NT 10.0; Win64; x64) AppleWebKit/537.36 (KHTML, like Gecko) Chrome/129.0.0.0 Safari/537.36','Windows 10','2024-10-23 20:31:00'),(117,88,'::1','Mozilla/5.0 (Windows NT 10.0; Win64; x64) AppleWebKit/537.36 (KHTML, like Gecko) Chrome/129.0.0.0 Safari/537.36','Windows 10','2024-10-23 23:16:16'),(118,34,'::1','Mozilla/5.0 (Windows NT 10.0; Win64; x64) AppleWebKit/537.36 (KHTML, like Gecko) Chrome/129.0.0.0 Safari/537.36','Windows 10','2024-10-23 23:22:24'),(119,34,'::1','Mozilla/5.0 (Windows NT 10.0; Win64; x64) AppleWebKit/537.36 (KHTML, like Gecko) Chrome/130.0.0.0 Safari/537.36','Windows 10','2024-10-24 22:03:17'),(120,90,'::1','Mozilla/5.0 (Windows NT 10.0; Win64; x64) AppleWebKit/537.36 (KHTML, like Gecko) Chrome/130.0.0.0 Safari/537.36','Windows 10','2024-10-25 04:22:53'),(121,34,'::1','Mozilla/5.0 (Windows NT 10.0; Win64; x64) AppleWebKit/537.36 (KHTML, like Gecko) Chrome/130.0.0.0 Safari/537.36','Windows 10','2024-10-25 21:22:49'),(123,34,'::1','Mozilla/5.0 (Windows NT 10.0; Win64; x64) AppleWebKit/537.36 (KHTML, like Gecko) Chrome/130.0.0.0 Safari/537.36','Windows 10','2024-10-25 23:44:49'),(124,34,'::1','Mozilla/5.0 (Windows NT 10.0; Win64; x64) AppleWebKit/537.36 (KHTML, like Gecko) Chrome/130.0.0.0 Safari/537.36','Windows 10','2024-10-26 02:27:49'),(125,34,'::1','Mozilla/5.0 (Windows NT 10.0; Win64; x64) AppleWebKit/537.36 (KHTML, like Gecko) Chrome/130.0.0.0 Safari/537.36','Windows 10','2024-10-28 22:24:48'),(126,97,'10.240.4.161','Mozilla/5.0 (Windows NT 10.0; Win64; x64) AppleWebKit/537.36 (KHTML, like Gecko) Chrome/130.0.0.0 Safari/537.36','Windows 10','2024-10-28 22:46:49'),(127,34,'::1','Mozilla/5.0 (Windows NT 10.0; Win64; x64) AppleWebKit/537.36 (KHTML, like Gecko) Chrome/130.0.0.0 Safari/537.36','Windows 10','2024-10-29 20:50:17'),(128,16,'::1','Mozilla/5.0 (Windows NT 10.0; Win64; x64) AppleWebKit/537.36 (KHTML, like Gecko) Chrome/130.0.0.0 Safari/537.36 Edg/130.0.0.0','Windows 10','2024-10-29 20:58:02'),(129,16,'::1','Mozilla/5.0 (Windows NT 10.0; Win64; x64) AppleWebKit/537.36 (KHTML, like Gecko) Chrome/130.0.0.0 Safari/537.36 Edg/130.0.0.0','Windows 10','2024-10-29 20:59:05'),(130,34,'::1','Mozilla/5.0 (Windows NT 10.0; Win64; x64) AppleWebKit/537.36 (KHTML, like Gecko) Chrome/130.0.0.0 Safari/537.36','Windows 10','2024-10-30 02:02:25'),(131,34,'::1','Mozilla/5.0 (Windows NT 10.0; Win64; x64) AppleWebKit/537.36 (KHTML, like Gecko) Chrome/130.0.0.0 Safari/537.36','Windows 10','2024-10-30 21:40:00'),(132,76,'::1','Mozilla/5.0 (Windows NT 10.0; Win64; x64) AppleWebKit/537.36 (KHTML, like Gecko) Chrome/130.0.0.0 Safari/537.36 Edg/130.0.0.0','Windows 10','2024-10-30 23:31:34'),(133,76,'::1','Mozilla/5.0 (Windows NT 10.0; Win64; x64) AppleWebKit/537.36 (KHTML, like Gecko) Chrome/130.0.0.0 Safari/537.36 Edg/130.0.0.0','Windows 10','2024-10-30 23:31:57'),(134,76,'::1','Mozilla/5.0 (Windows NT 10.0; Win64; x64) AppleWebKit/537.36 (KHTML, like Gecko) Chrome/130.0.0.0 Safari/537.36 Edg/130.0.0.0','Windows 10','2024-10-30 23:35:36'),(135,76,'::1','Mozilla/5.0 (Windows NT 10.0; Win64; x64) AppleWebKit/537.36 (KHTML, like Gecko) Chrome/130.0.0.0 Safari/537.36 Edg/130.0.0.0','Windows 10','2024-10-30 23:35:52'),(136,34,'::1','Mozilla/5.0 (Windows NT 10.0; Win64; x64) AppleWebKit/537.36 (KHTML, like Gecko) Chrome/130.0.0.0 Safari/537.36','Windows 10','2024-10-31 02:28:37');
/*!40000 ALTER TABLE `bitacora_acceso` ENABLE KEYS */;
UNLOCK TABLES;

--
-- Table structure for table `db_export`
--

DROP TABLE IF EXISTS `db_export`;
/*!40101 SET @saved_cs_client     = @@character_set_client */;
/*!50503 SET character_set_client = utf8mb4 */;
CREATE TABLE `db_export` (
  `NombredelaHerramienta` text,
  `Nombredelproyecto` text,
  `Brevedescripcion` text,
  `TipoHerramienta` text,
  `Tematica` text,
  `AnioEmision` text,
  `TecnicoResponsable` text
) ENGINE=InnoDB DEFAULT CHARSET=utf8mb4 COLLATE=utf8mb4_0900_ai_ci;
/*!40101 SET character_set_client = @saved_cs_client */;

--
-- Dumping data for table `db_export`
--

LOCK TABLES `db_export` WRITE;
/*!40000 ALTER TABLE `db_export` DISABLE KEYS */;
INSERT INTO `db_export` VALUES ('Acompañamiento a Defensores y Defensoras en\nProcesos Judiciales y de Litigio Estrategico y\nSeguimiento de Acciones Estratégicas al \nAutogobierno de Nahuaterique, La Paz','N-A','Informe Final sobre Consultoría','Informe','Derechos Humanos','2021','Jeziel Mejía - Carlos Reyes Jerson Medina'),('Acuerdo de liberación estándar','N-A','Formato de Acuerdo de Liberación','Acuerdo','Comunicaciones','N-A','N-A'),('Afiche incaparina AECID_ASONOG','Proyecto de respuesta humanitaria a población indígena y mujeres, afectadas por desastres en el departamento de Yoro, Honduras ','Afiche sobre uso de la incaparina en la alimentación infantil','Afiche','Salud','2023','Nemesis Arteaga'),('Agenda ciudadana regional','N-A','Abordar mediante la mejora de la participación ciudadana, especialmente mujeres y jóvenes en políticas y programas locales, que contribuyan a generar oportunidades económicas y de desarrollo','Agenda','Participación Ciudadana','2023','Saúl Dubon'),('Análisis del Riesgo en amenazas a defensores y defensoras','Diseño y Construcción Participativa de Protocolos de Seguridad para Defensoras y Defensores del Territorio, Amenazados por el Extractivismo y la Implementación de las Zonas Especiales de Desarrollo ZEDES','Hoja de Trabajo para analisis del Riesgo de defensores y defensoras.','Herramientas para evalucación del Riesgo','Derechos Humanos','N-A','Jeziel Mejía'),('Análisis del Riesgo, Plan de Seguridad, Protocolos de Seguridad','Diseño y Construcción Participativa de Protocolos de Seguridad para Defensoras y Defensores del Territorio, Amenazados por el Extractivismo y la Implementación de las Zonas Especiales de Desarrollo ZEDES','Metodología del Taller sobre el Análisis del Riesgo, Plan de Seguridad, Protocolos de Seguridad ','Taller','Derechos Humanos','2021','Jerson Muñoz'),('Anuncio Radial 1','Respuesta Humanitaria y de Protección a Población Indígena y mujeres','N-A','Anuncio de Radio','Educación Alimentaria','N-A','Merida Barahona'),('Anuncio Radial 2','Respuesta Humanitaria y de Protección a Población Indígena y mujeres','N-A','Anuncio de Radio','Educación Alimentaria','N-A','Merida Barahona'),('Anuncio Radial Principal','Respuesta Humanitaria y de Protección a Población Indígena y mujeres','N-A','Anuncio de Radio','Educación Alimentaria','N-A','Merida Barahona'),('Apoyo psicosocial dirigido a hombres y\nmujeres que han enfrentado conflictos familiares o por realizar trabajo en DDHH','N-A','Informe Final de Taller','Informe ','Psicología','2021','Brayan Paz'),('Boleta de Encuesta\nEnergía Renovable Estufas Mejoradas','VACP Asociación Voz para el Cambio','Encuesta sobre Energía Renovable y Estufas Mejoradas para aplicar ','Boleta','Participación Ciudadana','N-A','José Buitrago'),('Buenas Prácticas en Adaptación al Cambio Climático a Través de Ocho Iniciativas Económicas en  Municipios de los Departamentos de la Paz, Intibucá y Copan Ruinas','Promoviendo los Derechos Económicos,\nSociales, Culturales y Ambientales','Informe sobre Consultoría de Buenas Prácticas en Adaptación al Cambio Climático','Informe de Consultoría','Sostenibilidad Ambiental','2021','Ramiro Lara'),('Campaña migración- Oxfam-ASONOG','No somos cifras somos personas ',' Diseño y ejecución de campaña de comunicación sobre el tema de migración','Informe ','Migración','N-A','Fredys Martínez-Jeferson Rosa'),('Caravana Mesoamericana del Agua','Colaboración de Medios Climáticos para la Justicia Económica y los Derechos Comunitarios','Memoria intercambio de la caravana mesoamericana del agua','Informe','Sostenibilidad Ambiental','2023','Danniel Canales'),('Cartilla 1 ','Promoción y Protección de Derechos Humanos','Abordar temas de poder, procesos de cambio en Honduras, Estado, Derechos Humanos, política, democracia.','Guion Metodológico','Derechos Humanos','2023','José Enrique Barahona'),('Cartilla 2','Promoción y Protección de Derechos Humanos','Ciudadanía y La Construcción de Políticas Públicas, impulsar  procesos de participación ciudadana desde sus organizaciones sociales y su municipio o región','Guion Metodológico','Incidencia','2023','José Enrique Barahona'),('Cartilla 3','Promoción y Protección de Derechos Humanos','Guía para el Monitoreo Ciudadano y Incidencia Parte 1','Guion Metodológico','Incidencia','2023','José Enrique Barahona'),('Cartilla 4','Promoción y Protección de Derechos Humanos','Guía para el Monitoreo Ciudadano y Incidencia Parte 2','Guion Metodológico','Incidencia','2023','José Enrique Barahona'),('Cartilla de justicia climática. JUNTOS POR EL MEDIO AMBIENTE: DERECHO Y JUSTICIA PARA TODOS','Juntos por el Medio Ambiente: Derecho y Justicia para Todos','Cartilla en Derecho Ambiental y Justicia Climática','Cartilla','Sostenibilidad Ambiental','2023','José Enrique Barahona'),('Caso Gutiérrez Navas y  Otros  Vs. Honduras','N-A','Informe sobre sentencia Judicial del Caso Gutiérrez Navas y  Otros  Vs. Honduras ','Sentencia Judicial','CIDH','2023','CIDH'),('Causas de la migración en la región Occidente de Honduras y su impacto socioeconómico en jóvenes y mujeres','Desarrollo social y económico inclusivo, de las familias vulnerables en el occidente de Honduras y Promoviendo condiciones locales orientadas a la reinserción de la población migrante retornada, especialmente mujeres','Estudio de Investigación focalizado en 8 municipios de Copán, Lempira y Ocotepeque','Informe','Migración ','N-A','Luis Guifarro'),('Causas de la migración en la región Occidente de Honduras y su impacto socioeconómico en jóvenes y mujeres','Desarrollo social y económico inclusivo, de las familias vulnerables en el occidente de Honduras y Promoviendo condiciones locales orientadas a la reinserción de la población migrante retornada, especialmente mujeres','Presentación sobre Causas de la migración en la Región Occidente de Honduras y su impacto socioeconómico en jóvenes y mujeres ','Presentación taller de socialización','Migración','N-A','N-A'),('Concesiones y los pueblos indígenas','N-A','Concesiones mineras y de energía invaden territorios indígenas en Honduras','Invetigación','Gestión de Riesgos','2019','Thirzia Gáleas'),('Conoce las Etnias de Honduras','N-A','Lectura sobre las distintas etnias de Honduras y sus características ','Lectura','Género e Inclusión','N-A','N-A'),('Cuestionarios de entrada','Observatorio Ciudadano de Corrupción','Cuestionario para aplicar en el Taller','Cuestionario','Gobernanza y Lucha contra la Corrupción ','2024','Karalina Lara-Transparencia Internacional'),('Cuestionarios de salida','Observatorio Ciudadano de Corrupción','Cuestionario de Salida para aplicar en el Taller','Cuestionario','Gobernanza y Lucha contra la Corrupción','2024','Karolina Lara-Transparencia Internacional'),('Curso de Formación en Infoactivismo','N-A','Información para la acción: Activa el cambio con el infoactivismo','Manual','Veeduría Social','N-A','José Enrique Barahona'),('Defensoras y Defensores de los Derechos Humanos','N-A','Presentación sobre el tema defensores y defensoras de los derechos humanos','Presentación','Derechos Humanos','N-A','Jeziel Mejía'),('Diagnóstico ASONOG Violencia de Género','Fortalecimiento de las capacidades de las mujeres en áreas rurales ','Diagnóstico sobre identificación de mujeres victimas de violencia de genero','Diagnóstico','Género e Inclusión','2020','N-A'),('Diagnóstico Socio-Ambiental de la Actividad Minera en Honduras y Su Afectación Diferenciada entre Hombres y Mujeres','N-A','Dar a conocer la realidad con respecto ala extracción minera en Honduras ','Diagnostico','Sostenibilidad Ambiental','2016','Paola Domínguez'),('Diagnóstico Socio-Ambiental de la Actividad Minera en Honduras y Su Afectación Diferenciada entre Hombres y Mujeres JULIO','N-A','Diagnóstico Socio-Ambiental de la Actividad Minera en Honduras y Su Afectación Diferenciada entre Hombres y Mujeres','Diagnóstico','Sostenibilidad Ambiental','2016','Ramiro Lara'),('Diseño de campaña mediática y digital sobre los derechos humanos dirigido a la población','Promoviendo la defensa de los Derechos Humanos en Honduras','Términos de Referencia de Consultoría para Campaña Digital','TDR Campaña Mediática y Digital','Derechos Humanos','2024','N-A'),('Diseño e Implementación de Campaña de Comunicación\npara la Sensibilización, Defensa y Exigibilidad de Derechos Humanos en Temas de\nMovilidad Humana','Incidencia Ante la Crisis Migratoria en el Occidente de Honduras',' Detalla el proceso de diseño y ejecución de \nuna estrategia de comunicación integral enfocada en la sensibilización, defensa y exigibilidad de los derechos humanos en el contexto de la \nmovilidad humana. ','Informe de Consultoría ','Migración','N-A','Onam Carvajal'),('Diseño e Implementación de Metodología para el Proceso De Formación Sobre Economía Feminista y Emprendedurismo Verde e Inserción en Las Cadenas de Valor, Dirigido a Mujeres a Jóvenes','Contribuyendo a la Respuesta Integral e Inclusiva por la COVID en Honduras','Informe de Consultoría','Informe de Metodología','Género e Inclusión','N-A','Carmen Molina'),('Diseño y Ejecución de Campaña de Comunicación y Sensibilización Sobre el tema de Migración','No somos cifras somos personas ','Informe sobre Campaña de Comunicación','Informe','Migración','N-A','Onam Carvajal'),('El Abordaje de los Medios de Comucicación\nde la Violencia y Violaciones de DDHH de\nNNAJ y Mujeres','Tejiendo Redes','Boletín sobre la violencia y violaciones de DD HH de NNAJ y Mujeres','Boletín','Derechos Humanos','N-A','Onam Carvajal'),('El Abordaje de los Medios de Comunicación de la Violencia y Violaciones de DDHH de\nNNAJ Y Mujeres','Tejiendo Redes: Redes: niñas, niños, adolescentes, jóvenes y mujeres articulando acciones por la defensa de sus derechos humanos, presenta este boletín sobre el abordaje de los medios de comunicación de la violencia y violaciones de DDHH de NNAJ y Mujeres','Informe sobre la situación de DD HH','Informe','Derechos Humanos','2023','Onam Carvajal'),('El y ella ','N-A','N-A','N-A','Género e Inclusión','N-A','Mildred Mejía'),('En Honduras es un\nPecado Defender la Vida','N-A','Una Etnografía de los Discursos, las Prácticas y los Peligros\nde la Oposición a la Minería en Honduras','Tesis','Sostenibilidad Ambiental ','2014','Ramiro Lara'),('Encuesta de satisfacción / Evaluación del programa','Observatorio Ciudadano de Corrupción','Encuesta de Satisfacción Taller','Encuesta','Gobernanza y Lucha contra la Corrupción','2024','Karolina Lara-Transparencia Internacional'),('Escuelas populares sobre el derecho a la salud 1','N-A','Guía para facilitación de Contenido Módulo 1','Manual','Salud','N-A','Wendy Molina'),('Escuelas populares sobre el derecho a la salud 2','N-A','Guía para facilitación de Contenido Módulo 2','Manual','Salud','N-A','Wendy Molina'),('Escuelas populares sobre el derecho a la salud 3','N-A','Guía para facilitación de Contenido Módulo 2','Manual','Salud','N-A','Wendy Molina'),('Estadístico Medición Intermedia de la percepción del grado de\nCalidad y Accesibilidad de los servicios de\nEnergía Renovable – Eco fogones y Estufas Mejoradas\nHonduras','Programa Voz para el Cambio','Medición Intermedia de la percepción del grado de Calidad y Accesibilidad de los servicios de Energía Renovable – Eco fogones y Estufas Mejoradas Honduras','Informe Estadístico','Participación Ciudadana','2018','José Buitrago'),('Estrategia de Apoyo con Efectivo Asistencia Alimentaria a Población Indigena y Mujeres Afectadas por Desastres en el Departamento de Yoro','Respuesta Humanitaria y de Protección a Población Indígena y mujeres','Estrategia de Apoyo con Efectivo Asistencia Alimentaria a Población Indigena y Mujeres Afectadas por Desastres en el Departamento de Yoro','Informe','Educación Alimentaria','2023','Merida Barahona'),('Estrategia de manejo atención humanitaria el Barro y Muruhuaca','Atención Humanitaria Ante Afectaciones Por Tormentas Tropicales Amanda Y Cristóbal En Medio De La Pandemia COVID-19, En El Salvador, Guatemala Y Honduras','Informe sobre la ayuda humanitaria a las comunidades de el Barro y Muruhuaca','Informe ','Gestión de Riesgos','N-A','Carlos Manuel Maradiaga Ortiz'),('Estudio del Régimen Fiscal y Tributario del Sector Minero en Honduras para valorar la contribución económica del sector minero al país','Impactos económicos, sociales y ambientales de las Industrias Extractivas en Nicaragua y Honduras','Estudio del Régimen Fiscal y Tributario del Sector Minero en Honduras para valorar la contribución económica del sector minero al país','Informe','Sostenibilidad Ambiental','N-A','Ramiro Lara'),('Evaluación de Medio Término del Programa “Seguridad humana y justicia social en Honduras”','Seguridad humana y justicia social en Honduras','Contexto Reciente del Programa “Seguridad humana y justicia social en Honduras” y los próximos desafíos que enfrenta','Presentación','Derechos Humanos','2020','Heidy Barahona'),('Evaluación de Medio Término del Programa “Seguridad humana y justicia social en Honduras”','Seguridad humana y justicia social en Honduras','Marco de trabajo de la evaluación de medio término del Programa, a manera de contextualizar los ejercicios que se estarán desarrollando','Presentación','Derechos Humanos','2020','Ana Avilez Cruz'),('Facilitación de un taller de dos días sobre apoyo psicosocial dirigido a hombres y\nmujeres que han enfrentado conflictos familiares o por realizar trabajo en DDHH','N-A','Informe Final sobre el Taller','Informe','Derechos Humanos','2021','Brayan Santiago Paz'),('Ficha de inscripción para El Diplomado en Incidencia y Monitoreo Ciudadano','Promoción y protección de derechos humanos','Ficha de Inscripción para el Diplomado de Incidencia y Monitoreo Ciudadano','Ficha de Inscripción','Incidencia','N-A','José Enrique Barahona'),('Folleto medidas cautelares','N-A','Guía para conocer sobre medidas cautelares ','Folleto Informativo','CIDH','N-A','CIDH'),('Folleto sistema de peticiones y casos','N-A','Información Básica para presentar denuncias','Folleto Informativo','CIDH','N-A','CIDH'),('Formación Sociopolítica ','Tejiendo redes ','Presentacion de Power Point sobre el tema de Formación Sociopolítica','Presentación','Formación Sociopolítica ','N-A','Mildred Mejía'),('Formato agenda ciudadana municipal','Incidencia ante la crisis migratoria en el occidente de Honduras','Formato para Agenda sobre Migración','Formato de Agenda','Participación Ciudadana','2022','Jeziel Mejía'),('Formato de plan de multiplicación individual','Observatorio Ciudadano de Corrupción','Plan de Multiplicación para el Taller','Plan','Gobernanza y Lucha contra la Corrupción','2024','Karolina Lara-Transparencia Internacional'),('Formato. Planilla de asistencia','Observatorio Ciudadano de Corrupción','Planilla de Asistencia para el Taller','Formato de Planilla','Gobernanza y Lucha contra la Corrupción','2024','Karolina Lara-Transparencia Internacional'),('Fortalecimiento institucional\n(comunicación, tecnología,\nlogística)','Promoviendo los derechos humanos','Taller centrado en mejorar las\ncapacidades en comunicación, tecnología y logística','Informe de Taller','Incidencia','2024','Onam Carvajal'),('Grandes Retos en Defensa de Tierra y Territorio 2022 FCAV UV','N-A','Presentación sobre la minería en Honduras','Presentación','Defensa de Territorio','2022','Ramiro Lara'),('Grita por los Derechos de los Migrantes y saluda con oportunidades\" \"\"Porque Honduras es el corazón del camino\"\"\"','Defensa Derechos Humanos y Dignidad de las Personas en movilidad Humana ','Plan de comunicación campaña migración','Presentación de Plan de Comunicación','Migración','2023','Jeferson Rosa'),('Guía Círculo de Aprendizaje','Pan para el Mundo','Guía sobre que son los circulos de aprendizaje','Guía','Educación','N-A','Melisa Peña'),('Guía Conceptual del Círculo de Aprendizaje','Pan para el Mundo','Guía Metodologica sobre el Círculo de Aprendizaje','Guía','Educación','2021','Melisa Peña'),('Guía de atencion en salud para la poblacion migrante','N-A','Guía para proporcionr orientación básica y un apoyo practico para los profesionales de la\nsalud que atienden la población migrante','Guía','Salud','2020','Suayapa Castro'),('Guía de Atención Psicosocial para Defensores y Defensoras de Derechos Humanos y Sobrevivientes de Violencia Basada Género','Promoviendo los Derechos Humanos en Honduras','Aplicación de Primeros Auxilios Psicológicos, Acompañamiento a grupos de apoyo comunitario','Guía','Psicología','N-A','Nelson Pérez'),('Guía de IP versión popular','Exigibilidad y defensa de los Derechos Humanos','Propuesta de guión para la versión popular de “Guía de Incidencia política\"\"','Guía','Incidencia','2022','Sergio Barahona'),('Guía fotográfica de USAID','N-A','Descripciones para tomar mejores fotografías','Guía','Comunicaciones','2020','N-A'),('Guía Metodologica','N-A','Guía Metodoloogica y herramientas para establecer un Observatorio Ciudadano','Guía Metodologica','Participación Ciudadana','N-A','Jeziel Mejía'),('Guía Metodológica Círculos de Aprendizaje Sesión I','Pan para el Mundo','Guía Metodológica de la Sesión I','Guía','Educación','N-a','Melisa Peña'),('Guía Metodológica Círculos de Aprendizaje Sesión II','Pan para el Mundo','Guía Metodológica de la Sesión II','Guía','Educación','N-A','Melisa Peña'),('Guía Metodológica de los Círculos de Aprendizaje','Pan para el Mundo','Guía Metodológica de la Sesión IV','Guía ','Educación','N-A','Melisa Peña'),('Guía Metodológica de los Círculos de Aprendizaje Sesión III','Pan para el Mundo','Guía Metodológica de la Sesión III','Guía','Educación','N-A','Melisa Peña'),('Guía para el abordaje de genero','Promoviendo los derechos humanos en Honduras','Información y temáticas para aplicar en campo sobre el tema de género','Guía','Género e Inclusión','N-A','Elizabeth Mejía'),('Herramientas metodológicas Agendas Ciudadanas','Incidencia ante la crisis migratoria en el occidente de Honduras','Planificación de Auto-diagnostico de Soluciones Locales ','Agenda metodológica','Participación Ciudadana','N-A','Jeziel Mejía'),('Historia de cambio','N-A','Red de Mujeres Impulsan el Proceso de Incidencia Política en Belén Lempira como Resultado de la Formación DESCA','Historia de Cambio','Incidencia','2022','Nelson Pérez'),('Hoja de registro de casos ','Tejiendo redes: niñas, niños, adolescentes, jóvenes y mujeres articulando acciones por la defensa de sus derechos humanos','Hoja de Resumen de Casos Orientados','Herramienta Psicológica','Psicología','2024','N-A'),('Identificación de Historias de Éxito y Buenas Prácticas','Colaboración de medios climáticos para la\njusticia económica y los derechos\ncomunitarios —América Central','Historias de Éxito en protección de medio ambiente','Historias de Éxito','Justicia Climática ','2024','Danniel Canales'),('Informe ASONOG Pautas','Exigibilidad y Defensa de los Derechos Humanos\nen el contexto de la Emergencia por Covid19 en Honduras','Dar a conocer los resultados y el alcance\nde los materiales audiovisuales, a través de la actividad creada\nen la página oficial de ASONOG','Informe','Derechos Humanos','2022','Onam Carvajal'),('Informe de atenciones psicológicas ','N-A','Informe Mensual de Atenciones Psicológicas','Herramienta psicológica','Psicología','2024','N-A'),('Informe de auditoria social','Tejiendo redes','Informe sobre auditoría social a la vacuna contra el Covid-19 en La Labor, Ocotepeque','Informe ','Género e Inclusión','2020','Nelson Pérez'),('Informe de auditoria social','Tejiendo redes','Informe sobre auditoría social a la vacuna contra el Covid-19 en La Labor, Ocotepeque','Informe','Veeduría Social','2020','Nelson Pérez'),('Informe Diseño de un Programa de Pasantías Profesionales','Pan para el Mundo','Estrategia de Sostenibilidad para el Programa de Becas Apoyado por Pan para el Mundo','Informe','Educación','2023','Melisa Peña-Katia Ferrufino'),('Informe Final','Promoviendo el empoderamiento económico y la justicia social en el Occidente de Honduras','Diseño e implementación de una campaña de comunicaciones de sensibilización  con alcance regional sobre los derechos humanos y prevención de violencia','Informe','Derechos Humanos','2023','Onam Carvajal'),('Informe Final Diseño de una Estrategia para Impulsar una Bolsa de Empleo','Pan para el Mundo','Plan de Acción de la Estrategia de Sostenibilidad para el Programa de Becas Apoyado por Pan para el Mundo','Informe','Educación','2024','Melisa Peña-Katia Ferrufino'),('Informe final Empresas y DDHH','N-A','Informe sobre el nivel de cumplimiento de los derechos humanos por parte de las empresas seleccionadas que operan en Honduras','Informe','Derechos Humanos','N-A','Paskal Vandenbussche'),('Informe Final Estudio Nahuaterique','Acciones Estrategicas y de Incidencia para el Acompañamiento del Pueblo Lenca y sus Demandas','Informe Final de Estudio de Nahuaterique','Informe','Incidencia','2021','Jeziel Mejía'),('Informe final Proceso de Actualización de la Política Territorial de Desarrollo Económico Local\nDel Municipio de SRC','N-A','Aclarar conceptos, percepciones y términos sobre el tema, realización de entrevistas con los actores definidos, recisión de documentos e información y actualización de la política','Informe','Incidencia','2020','José Néstor Rosales'),('Informe Final Redes','Consolidar capacidades de la CRGR para \nuna Acción Humanitaria de mayor calidad y \ncontribuir a mejorar la resiliencia en Centro \nAmérica','Implementación de Proyecto de un contexto económico, político, social, de riesgos a desastre y ambiental, en el nivel mundial, regional y de País','Informe','Gestión de Riesgos','2021','Fredy Leonel Martínez '),('Informe final sistematización mujeres lencas empoderadas contra la violencia','Fortaleciendo las capacidades de las mujeres Lencas para erradicar la violencia hacia ellas, \nlas niñas y los femicidios, en el marco de la Iniciativa Spotlight en Honduras, desarrollado \nen los municipios de Intibucá y La Esperanza','Resultados de la sistematización ','Sistematización ','Género e Inclusión','2021','Gabriela Portillo'),('Informe Investigacio?n SAN Tolupan_OBSAN-UNAH - FAO','N-A','Estudio sobre el estado de la inseguridad alimentaria y nutricional de la población de cinco Tribus Tolupanas de la Montan?a de la Flor de Orica y Marale, Francisco Morazán.','Investigación','Educación Alimentaria','2021','UNAH'),('Informe Muralismo','Colaboración de Medios Climáticos para la Justicia Económica y los Derechos Comunitarios','Fortalecer el conocimiento y la capacidad de acción de los participantes en temas cruciales como Defensa de los Bienes Comunes, Justicia Climática y Económica','Informe de Taller','Sostenibilidad Ambiental','N-A','Danniel Canales'),('Informe ONU','Fortaleciendo las capacidades de las mujeres Lencas para\nerradicar la violencia hacia ellas, las niñas y los Femicidios, en el\nmarco de la Iniciativa Spotlight en Honduras','ASONOG desarrolla un proyecto que busca el\nfortalecimiento de conocimientos de las redes de mujeres Lencas en los temas sobre igualdad de\ngénero','Informe','Género e Inclusión','2021','Gabriela Portillo'),('Instrumento registro de atención','N-A','Instrumento para registro de información ','Entrevista Psicológica','Psicología','2024','N-A'),('Instrumentos de Recolección de Información','Ford Comunicaciones ','Recopilar información sobre las experiencias y percepciones del personal técnico del proyecto, enfocados en las fases antes, durante y después del proyecto, así como en las lecciones aprendidas.','Cuestionario ','Formulación y Evalución de Proyectos','N-A','Danniel Canales'),('Investigación sobre el Fenómeno de la Migración en Honduras a nivel Nacional con Énfasis en los Municipios de Interés de Occidente “EL RIESGO ES 4 VECES MAS ACÁ”','No somos cifras somos personas ','Investigación sobre el fenómeno de la migración en Honduras a nivel nacional con énfasis en los municipios de interés de Occidente','Investigación','Migración','N-A','N-A'),('La EIP','N-A','Informe final de incidencia política. Consultoría sobre la digitalización, mediación pedagógica y adecuación de los contenidos de la EIP de ASONOG, para que incorpore los DDHH de NNAJ y mujeres y facilite el proceso formativo, de manera virtual','Informe','Incidencia','2023','Onam Carvajal'),('Lamina Informativa Medidas Antropometricas','N-A','Manual para tomar medidas antropometricas ','Lamina Informativa','Salud','N-A','Nemesis Arteaga'),('Línea Base en Municipios de los Departamentos de La Paz, Copán e Intibucá','Construcción de Resiliencia Comunitaria en el Occidente de\nHonduras','Informe Final de Línea Base ','Informe','Veeduría Social ','N-A','Ramiro Lara'),('Lista e instrucciones de medios de verificación','Observatorio Ciudadano de Corrupción','Medios de Verificación para el Taller','Medios de Verificación','Gobernanza y Lucha contra la Corrupción','2024','Karolina Lara-Transparencia Internacional'),('Manual de buenas practicas alimentarias para niños y niñas menores de 5 años','Respuesta Humanitaria y de Protección a Población Indígena y Mujeres Afectadas por Desastres en el Departamento de Yoro','Manual con información sobre buenas prácticas alimentarias ','Manual','Educación Alimentaria','2023','Nemesis Arteaga'),('Manual de capacitaciones en auditoria','Fortalecimiento de la rendición de cuentas publicas y la participación ciudadana en Honduras','Manual para la Generación de Conocimientos en el Desarrollo de las Capacidades de Actores Cívicos, Gobiernos Local, Empresa Privada','Manual','Veeduría Social','N-A','Emily López'),('Manual de Habilidades Blandas y Habilidades para la Vida','Programa de Becas para Jóvenes Desfavorecidos y Jóvenes Lideres en Honduras','Fortalecer las capacidades sociales de los participantes a través del presente protocolo de aplicación para el desarrollo y ejercicio de habilidades sociales.','Manual','Psicología','N-A','Kenia Navas'),('Manual de monitoreos nutricionales para la comunidad ','Respuesta Humanitaria y de Protección a Población Indígena y Mujeres Afectadas por Desastres en el Departamento de Yoro','Manual para fortalecer capacidades en monitoreos nutricionales ','Manual','Educación Alimentaria','2023','Nemesis Arteaga'),('Manual de procedimientos \npara la toma de medidas\nantropométricas en niños y\nniñas menores de 5 años','Respuesta Humanitaria y de Protección a Población Indígena y Mujeres Afectadas por Desastres en el Departamento de Yoro','Manual para que el personal de salud cuente con las capacidades, destrezas y habilidades para aplicar en formacorrecta las técnicas de medición antropométrica','Manual','Salud','2023','Karen Corrales'),('Manual de Puestos y Salarios','N-A','Descripción de Puestos y Salarios','Manual ','N-A','2005','Leandra Bonilla'),('Manual de Usuario de Proyect Monitor v1.0','N-A','Manual para usar el sistema Proyect Monitor ','Manual ','N-A','N-A','N-A'),('Manual para el relacionamiento y trabajo conjunto con la empresas privada en materia de derechos humanos','Promoviendo los Derechos Humanos en Honduras','Brindar parámetros y apoyo para revisar el nivel de integración y aplicación de los derechos humanos en la empresa privada','Manual ','Derechos Humanos','2023','Nelso Pérez'),('Manual para Elaborar Base de Datos de Microsoft Access Proyecto Biblioteca Institucional ASONOG','N-A','Manual para elaborar bases de datos ','Manual ','Educación','2023','Migdalia Erazo'),('Manual para la Creación de una Biblioteca Institucional Virtual ASONOG','N-A','Manual de como se creo la biblioteca institucionald de ASONOG','Manual','Educación','2023','Migdalia Erazo'),('Manual para Procesos de Capacitación Física y Virtual','N-A','Recopilación de Herramientas y Conceptos para planificación, organización, ejecución, evaluación y seguimiento de talleres de capacitación ','Manual','Eduación ','2023','Migdalia Erazo'),('Mapeo de Espacios de Relacionamiento o Trabajo Conjunto de Sociedad Civil en temas de Derechos Humanos','Promoviendo los Derechos Humanos','Investigar la situación de los espacios de la sociedad civil que trabajan por los derechos humanos, que aborden una agenda para la defensa de los mismos, y se encuentren activas en el ámbito nacional','Guion Metodológico','Derechos Humanos','N-A','Melisa Peña'),('Metodología para análisis de contexto','Tejiendo redes','Analizar la situación de violencia que atraviesan las mujeres en Honduras','Metodología','Género e Inclusión','N-A','Mildred Mejía'),('Metodología para la Medición Final de los Indicadores\nCalidad y Accesibilidad de los servicios ER EM - SAN','VACP Asociación Voz para el Cambio','Resultados de Indicadores de Eco - Fogones y Servicios SAN','Metodología','Participación Ciudadana','N-A','José Buitrago'),('Metodología y Estrategia','N-A','Metodología para el proceso de formación sobre economía feminista y emprendurismo verde e inserción en las cadenas de valor, dirigido a mujeres jóvenes ','Metodología','Género e Inclusión','N-A','N-A'),('Midiendo conocimientos','Tejiendo Redes','Cuestionario para medir conocimientos sobre derechos humanos en Mujeres','Proyecto-Cuestionario','Género e Inclusión','N-A','Mildred Mejía'),('Migrantes retornados 2016 a 2020','N-A','Datos de Migrantes Retornados por años ','Tabla de Datos ','Migración','N-A','N-A'),('Migrantes Retornados por Municipio 8 Zona de Estudio','N-A','Tabla representativa del total de migrantes retornados por municipio','Tabla de Datos ','Migración','N-A','N-A'),('Peritaje Antropológico Social\nEl Cerro Cementerio y la sacrificabilidad de sus defensores','N-A','Peritaje Antropológico Social\nEl Cerro Cementerio y la sacrificabilidad de sus defensores','Informe','Sostenibilidad Ambiental','2019','Ramiro Lara'),('Plan de Desarrollo Económico Local y Promoción de Empleo de Santa Rosa de Copán','Fortalecimiento Institucional del Empleo Decente y Oportunidades de Empleo para Jóvenes en Honduras EURO+LABOR','Establecimiento de Líneas de Trabajo para los próximos años','Informe','Incidencia','2019-2020',' José Ramón Ávila-Irma Esperanza Mejía'),('Plan de necesidades de espacios\nde sociedad civil','Promoviendo los Derechos Humanos en Honduras','Promover la gestión del conocimiento a través de un plan de necesidades de los espacios de la sociedad civil que abordan temas de derechos humanos, para contribuir al fortalecimiento de la gestión de una agenda para la defensa de los mismos, en los municipios de intervención del proyecto.','Plan de Necesidades','Derechos Humanos ','2023','Nelson Pérez'),('Plan local de respuesta Ocotepeque','Respuesta humanitaria a la acumulación del impacto de los desastres en la Seguridad Alimentaria en el Corredor Seco Centroamericano, y la mejora de las capacidades de preparación ante los desastres en Guatemala y el aumento de la Migración forzada en puntos fronterizos clave en Centroamérica','Plan de Respuesta con el Objetivo de proporcionar una asistencia humanitaria para personas migrantes en tránsito','Plan de Respuesta ','Participación Ciudadana','2023','Suayapa Castro'),('Política en Seguridad Alimentaria y Nutricional PYENSAN','Impacto, Resiliencia, Sostenibilidad y Transformación de la Seguridad Alimentaria y Nutricional','Descripción de Plan de Acción en Seguridad Alimentaria ','Plan de Acción ','Educación Alimentaria','2018','N-A'),('probando','probando','probando','prpbando','probando','probando','probando'),('Proceso Formativo para Formulación de Proyectos','N-A','Guía metodológica en procesos formativos para la formulación de proyectos','Guía Metodológica','Formulación de Proyectos','N-A','Jeziel Mejía'),('Propuesta curricular','Promoción y protección de derechos humanos','Proyecto que pretende mejorar las condiciones de vida de la población Hondureña en materia de Derechos Humanos','Informe de Proyecto','Incidencia','2023','José Enrique Barahona'),('Propuesta Manos Unidas','Promoviendo los Derechos Humanos en Honduras','Espacio de Atención Integral para Resiliencia Comunitaria','Propuesta de Implementación ','Derechos Humanos ','N-A',''),('Propuesta Metodológica Feria de Intercambio de Conocimiento entre Organizaciones de Sociedad Civil','Promoviendo los Derechos Humanos ne Honduras','Realizar la primera feria del conocimiento entre organizaciones de sociedad civil, enfocada en temas de derechos humanos','Propuesta Metodológica','Derechos Humanos','2023','Nelson Pérez'),('Protocolos de Atención Psicosocial para Defensores (as) de Derechos Humanos y Sobrevivientes de Violencia Basada en el Género','Promoviendo los Derechos Humanos en Honduras','Espacio de atención Integral para resiliencia comunitaria','Protocolo','Derechos Humanos','2024','Nelson Pérez'),('Recetario incaparina AECID_ASONOG','Proyecto de respuesta humanitaria a población indígena y mujeres, afectadas por desastres en el departamento de Yoro, Honduras ','Recetario para incorporar incaparina a distintos platos','Recetario','Educación Alimentaria','N-A','Nemesis Arteaga'),('Resultados de la medición de Calidad y Accesibilidad de los Servicios ER EM','VACP Asociación Voz para el Cambio','Medición Intermedia de la percepción del grado de Calidad y Accesibilidad','Informe de Resultados','Participación Ciudadana ','2019','José Buitrago'),('Resultados medición Calidad y Accesibilidad Servicios SAN','VACP Asociación Voz para el Cambio','Medición Intermedia de la percepción del grado de Calidad y Accesibilidad SAN','Informe de Resultados','Educación Alimentaria','2019','José Buitrago'),('Sensibilización para Operadores de Justicia y Gobiernos Locales en Derechos Económicos y Prevención de Violencia','Liderazgo Transformador y Empoderamiento Económico de la Mujer Fase II ejecutado por ASONOG Financiado por OXFAM','Informe sobre material audiovisual ','Informe','Derechos Humanos','2023','Onam Carvajal'),('Sistematización','Colaboración de Medios Climáticos para la Justicia Económica y los Derechos Comunitarios América Central ','Sistematización del Proyecto','Sistematización ','Justicia Climática ','2024','Danniel Canales '),('Sistematización Resumida','Colaboración de Medios Climáticos para la Justicia Económica y los Derechos Comunitarios América Central ','Sistematización del Proyecto Resumida','Sistematización ','Justicia Climática','2024','Danniel Canales'),('TALLER 1: BASES DE LA GOBERNABILIDAD DEMOCRÁTICA Y DERECHOS HUMANOS','Observatorio Ciudadano de Corrupción ','Guía Instruccional Taller 1','Guía Instruccional','Gobernanza y Lucha contra la Corrupción','2024','Karolina Lara-Transparencia Internacional'),('TALLER 1: BASES DE LA GOBERNABILIDAD DEMOCRÁTICA Y DERECHOS HUMANOS','Observatorio Ciudadano de Corrupción','Guía Conceptual sobre el taller 1','Guía Conceptual','Gobernanza y Lucha Contra la Corrupción','2024','Karolina Lara-Transparencia Internacional'),('TALLER 2: ENFOQUES PARA LA LUCHA CONTRA LA CORRUPCIÓN','Observatorio Ciudadano de Corrupción','Guía Instruccional taller 2','Guía Instruccional','Gobernanza y Lucha contra la Corrupción','2024','Karolina Lara-Transparencia Internacional'),('TALLER 2: ENFOQUES PARA LA LUCHA CONTRA LA CORRUPCIÓN','Observatorio Ciudadano de Corrupción','Guía Conceptual Taller 2','Guía Conceptual','Gobernanza y Lucha contra la Corrupción','2024','Karolina Lara-Transparencia Internacional'),('TALLER 3: PREVENCIÓN Y CONTROL DE LA CORRUPCIÓN EN ÁREAS ESPECÍFICAS','Observatorio Ciudadano de Corrupción','Guía Instruccional taller 3','Guía Instruccional','Gobernanza y Lucha contra la Corrupción','2024','Karolina Lara-Transparencia Internacional'),('TALLER 3: PREVENCIÓN Y CONTROL DE LA CORRUPCIÓN EN ÁREAS ESPECÍFICAS','Observatorio Ciudadano de Corrupción','Guía Conceptual del Taller 3','Guía Conceptual','Gobernanza y Lucha contra la Corrupción','2024','Karolina Lara-Transparencia Internacional'),('TALLER 4: INNOVACIÓN TECNOLÓGICA Y TRANSFORMACIÓN DIGITAL','Observatorio Ciudadano de Corrupción','Guía Instruccional Taller 4','Guía Instruccional','Gobernanza y Lucha contra la Corrupción','2024','Karolina Lara-Transparencia Internacional'),('TALLER 4: INNOVACIÓN TECNOLÓGICA Y TRANSFORMACIÓN DIGITAL','Observatorio Ciudadano de Corrupción','Guía Conceptual Taller 4','Guía Conceptual','Gobernanza y Lucha contra la Corrupción','2024','Karolina Lara-Transparencia Internacional'),('TALLER 5: FUTURO SOSTENIBLE Y VERDE','Observatorio Ciudadano de Corrupción','Guía Instruccional Taller 5','Guía Instruccional','Gobernanza y Lucha contra la Corrupción','2024','Karolina Lara-Transparencia Internacional'),('TALLER 5: FUTURO SOSTENIBLE Y VERDE','Observatorio Ciudadano de Corrupción','Guía Conceptual Taller 5','Guía Instruccional','Gobernanza y Lucha contra la Corrupción','2024','Karolina Lara-Transparencia Internacional'),('Taller de consulta con Organizaciones de la sociedad civil','Programa Promoción de la Defensa de los Derechos Humanos en Honduras','Cronograma de Actividades de Taller de Consulta sobre reinserción de migrantes retornados ','Taller de consulta','Derechos Humanos','N-A','Melisa Peña'),('Taller de Formación a través del teatro popular para la defensa del territorio.','Promoción de los Derechos\nEconómicos, Sociales, Culturales y Ambientales ','Informe del Taller de Teatro ','Informe','Defensa de Territorio','2021','Jeziel Mejía'),('Taller de Formación\nUso de KoboToolbox y Kobo Collect','Observatorio de Migración','Formación para uso de App de Kobotoolbox y Collect','Taller ','Migración','N-A','Jeziel Mejía'),('Taller de inducción a la Medición Final de \nindicadores Calidad y Accesibilidad','VACP Asociación Voz para el Cambio','NA','Taller','Participación Ciudadana ','N-A','José Buitrago'),('Taller de Protocolos y Plan de Seguridad: Ecuación del Riesgo','N-A','Vulnerabilidades y Capacidades','Presentación','Gestión de Riesgos','N-A','Jeziel Mejía'),('Taller de Protocolos y Plan de Seguridad: Gestión del Riesgo','N-A','¿Que hacer con el riesgo?','Presentación','Gestión de Riesgos','N-A','Jeziel Mejía'),('Taller Protocolos y Plan de Seguridad: Control de Salida de TAR','Diseño y Construcción Participativa de Protocolos de Seguridad para Defensoras y Defensores del Territorio, Amenazados por el Extractivismo y la Implementación de las Zonas Especiales de Desarrollo ZEDES','Preguntas sobre Seguridad','Cuestionario de Preguntas ','Derechos Humanos','N-A','Jeziel Mejía'),('Taller Protocolos y Plan de Seguridad: Plan de Seguridad','Diseño y Construcción Participativa de Protocolos de Seguridad para Defensoras y Defensores del Territorio, Amenazados por el Extractivismo y la Implementación de las Zonas Especiales de Desarrollo ZEDES','Herramienta para identificar posibles amenazas','Herramienta','Derechos Humanos','N-A','Jeziel Mejía'),('Taller Protocolos y Plan de Seguridad: Protocolos','N-A','Presentación sobre distintos protocolos','Presentación','Derechos Humanos','N-A','Jeziel Mejía'),('Taller Prtotocolos y Plan de Seguridad: Complemento de Plan de Seguridad','Participativa de Protocolos de Seguridad para Defensoras y Defensores del Territorio, Amenazados por el Extractivismo y la Implementación de las Zonas Especiales de Desarrollo ZEDES','Herramientas para complementar el plan de serguridad','Tabla para seleccionar incidentes más fuertes','Derechos Humanos','N-A','Jeziel Mejía'),('Taller Prtotocolos y Plan de Seguridad: Control de Entrada de TAR','Diseño y Construcción Participativa de Protocolos de Seguridad para Defensoras y Defensores del Territorio, Amenazados por el Extractivismo y la Implementación de las Zonas Especiales de Desarrollo ZEDES','Preguntas sobre Seguridad','Cuestionario de Preguntas ','Derechos Humanos','N-A','Jeziel Mejía'),('Taller Prtotocolos y Plan de Seguridad: Rueda de Seguridad','Diseño y Construcción Participativa de Protocolos de Seguridad para Defensoras y Defensores del Territorio, Amenazados por el Extractivismo y la Implementación de las Zonas Especiales de Desarrollo ZEDES','Herramienta Rueda de Seguridad','Herramienta de Análisis','Derechos Humanos','N-A','Jeziel Mejía'),('TDR Elaboración de Acciones para Campaña de Comunicación sobre Migración Irregular','Proyecto mejorar las capacidades para la prevención y protección de familias ante crisis migratorias y acciones humanitarias en Danlí \n','Elaboración de acciones para campaña de comunicación sobre migración irregular ','TDR de Consultoría ','Migración','2023','Jeferson Rosa'),('TDR Estrategia de comunicación y sensibilización sobre migración en transito','Respuesta humanitaria a la acumulación del impacto de los desastres en la seguridad alimentaria en el   Corredor Seco Centroamericano, y la mejora de las Capacidades de preparación ante los desastres en Guatemala y el aumento de la migración forzada en puntos fronterizos clave en Centroamérica','Términos de Referencia de Consultoría para diseño de estrategia de comunicación y sensibilización situación y derechos de la población migrante en tránsito','TDR de Consultoría','Migración','2023','Blanca Hernández'),('Territorios en riesgo, mineria,tierra y agua','OXFAM','Informe sobre situación de Minería, tierra y agua en Honduras','Informe ','Gestión de Riesgos','2017','Ramiro Lara'),('Territorios, bienes naturales y DDHH','Defensa de la Soberanía Territorial y Derechos Humanos del Pueblo Lenca de la Paz ante la Amenaza de las Concesiones Hidroeléctricas y Mineras ','Realidad sobre el extractismo en el departamento de la Paz y su influencia en el Pueblo Lenca','Investigación','Derechos Humanos','2018','Juan Antonio Mejía'),('Tríptico sobre Violencia de Genero','N-A','Triptico sobre Violencia de Genero','Tríptico','Derechos Humanos','2024','Onam Carvajal');
/*!40000 ALTER TABLE `db_export` ENABLE KEYS */;
UNLOCK TABLES;

--
-- Table structure for table `documentos`
--

DROP TABLE IF EXISTS `documentos`;
/*!40101 SET @saved_cs_client     = @@character_set_client */;
/*!50503 SET character_set_client = utf8mb4 */;
CREATE TABLE `documentos` (
  `id` int NOT NULL AUTO_INCREMENT,
  `nombre_herramienta` text NOT NULL,
  `descripcion` text,
  `id_tipo_herramienta` int DEFAULT NULL,
  `id_tematica` int DEFAULT NULL,
  `imagen` varchar(255) DEFAULT NULL,
  `estado` varchar(3) DEFAULT 'ACT',
  `fecha_emision` varchar(20) DEFAULT NULL,
  `archivo_url` varchar(500) DEFAULT NULL,
  PRIMARY KEY (`id`),
  KEY `fk_tematica` (`id_tematica`),
  KEY `fk_tipo_herramienta` (`id_tipo_herramienta`),
  CONSTRAINT `fk_tematica` FOREIGN KEY (`id_tematica`) REFERENCES `tematicas` (`id`),
  CONSTRAINT `fk_tipo_herramienta` FOREIGN KEY (`id_tipo_herramienta`) REFERENCES `tipos_herramienta` (`id`)
) ENGINE=InnoDB AUTO_INCREMENT=453 DEFAULT CHARSET=utf8mb4 COLLATE=utf8mb4_0900_ai_ci;
/*!40101 SET character_set_client = @saved_cs_client */;

--
-- Dumping data for table `documentos`
--

LOCK TABLES `documentos` WRITE;
/*!40000 ALTER TABLE `documentos` DISABLE KEYS */;
INSERT INTO `documentos` VALUES (444,'Cuestionario de entrada','Cuestionario de salida',1,1,'83159c13ed7f102eca54a9203bacd4b3.jpg','ACT','2024','22a831aedd7a138b9cd841d6ff75ff07.pdf'),(445,'Anuncio radial 1','N/A',2,3,'b3d774e8220f6d9985a79023662155df.jpg','ACT','2024','bdc932e679312b0926122894434688d0.pdf'),(446,'Cartilla de justicia climatica. JUNTOS POR EL MEDIO AMBIENTE: DERECHO Y JUSTICIA PARA TODOS','Cartilla de justicia climatica. JUNTOS POR EL MEDIO AMBIENTE: DERECHO Y JUSTICIA PARA TODOS',3,3,'a54240e50e48c0e71c14273bfd456044.jpg','ACT','2020','24c4ee081e4dc261f741f2980e0d0635.pdf'),(447,'El y ella','El y ella',2,2,'92b801bbf00b419cadee7fa872dff6ce.jpg','ACT','2023','caa2281a091deb7a82e08ad19d983321.pdf'),(448,'Encuesta de satisfaccion / Evaluacion de programa','evaluacion',2,2,'9672cc7378bf7a8741f963fd1ee4b0d7.jpg','ACT','2020','bba00a69df43950e0e92153b079f6522.pdf'),(449,'Folleto de medidas cautelares','folleto de medidas folleto de medidas folleto de medidas folleto de medidas folleto de medidas folleto de medidas folleto de medidas folleto de medidas folleto de medidas folleto de medidas folleto de medidas',2,2,'9fffcfe241b87e174f98997b5fad9a49.jpg','ACT','2019','4b5918f204e141f4f16fac31d9d2f466.pdf'),(451,'Agenda ciudadana regional','decripcion',2,2,'9b491121157e7d12318e841d9d285b97.jpg','ACT','2023','2e773a4a14bd1c66e26407a4f68c7c29.pdf'),(452,'Acuerdo de liberacion estandar','descripcion',2,2,'97900206ce080ace28579d027c847591.jpg','ACT','2023','dafa632c0a24096fe008509bd8adbf3a.pdf');
/*!40000 ALTER TABLE `documentos` ENABLE KEYS */;
UNLOCK TABLES;

--
-- Table structure for table `documentos_tecnicos`
--

DROP TABLE IF EXISTS `documentos_tecnicos`;
/*!40101 SET @saved_cs_client     = @@character_set_client */;
/*!50503 SET character_set_client = utf8mb4 */;
CREATE TABLE `documentos_tecnicos` (
  `id` int NOT NULL AUTO_INCREMENT,
  `id_documento` int DEFAULT NULL,
  `id_tecnico_responsable` int DEFAULT NULL,
  PRIMARY KEY (`id`),
  KEY `id_documento` (`id_documento`),
  KEY `id_tecnico_responsable` (`id_tecnico_responsable`),
  CONSTRAINT `documentos_tecnicos_ibfk_1` FOREIGN KEY (`id_documento`) REFERENCES `documentos` (`id`),
  CONSTRAINT `documentos_tecnicos_ibfk_2` FOREIGN KEY (`id_tecnico_responsable`) REFERENCES `tecnicos_responsables` (`id`)
) ENGINE=InnoDB AUTO_INCREMENT=104 DEFAULT CHARSET=utf8mb4 COLLATE=utf8mb4_0900_ai_ci;
/*!40101 SET character_set_client = @saved_cs_client */;

--
-- Dumping data for table `documentos_tecnicos`
--

LOCK TABLES `documentos_tecnicos` WRITE;
/*!40000 ALTER TABLE `documentos_tecnicos` DISABLE KEYS */;
INSERT INTO `documentos_tecnicos` VALUES (88,444,1),(89,444,3),(90,445,1),(91,445,2),(92,446,1),(93,446,2),(94,447,1),(95,448,3),(96,448,4),(97,449,1),(98,449,3),(101,451,2),(102,452,2),(103,452,3);
/*!40000 ALTER TABLE `documentos_tecnicos` ENABLE KEYS */;
UNLOCK TABLES;

--
-- Table structure for table `libros`
--

DROP TABLE IF EXISTS `libros`;
/*!40101 SET @saved_cs_client     = @@character_set_client */;
/*!50503 SET character_set_client = utf8mb4 */;
CREATE TABLE `libros` (
  `id` int NOT NULL AUTO_INCREMENT,
  `titulo` varchar(255) NOT NULL,
  `autor` varchar(255) DEFAULT NULL,
  `categoria` varchar(255) DEFAULT NULL,
  `anio` year DEFAULT NULL,
  `imagen` varchar(255) DEFAULT NULL,
  `estado` varchar(3) DEFAULT 'ACT',
  `archivo_url` varchar(500) DEFAULT NULL,
  PRIMARY KEY (`id`)
) ENGINE=InnoDB AUTO_INCREMENT=122 DEFAULT CHARSET=utf8mb4 COLLATE=utf8mb4_0900_ai_ci;
/*!40101 SET character_set_client = @saved_cs_client */;

--
-- Dumping data for table `libros`
--

LOCK TABLES `libros` WRITE;
/*!40000 ALTER TABLE `libros` DISABLE KEYS */;
INSERT INTO `libros` VALUES (114,'El hombre en busca de sentido','height','Participación Ciudadana y gestion de riesgos',2001,'6e5c2e72a2ecb7f6d06ee9164d3d9d49.jpg','ACT','fc3bfbb5b118bf8f31b38444b9961fac.pdf'),(115,'Deja de ser tu','Joe Dizpensa','Derechos Humanos',2001,'9f350263ba663b9851b54f9111724449.jpg','ACT','62fc34dd1adaa4b3a9558c54be77e376.pdf'),(116,'El ego es el enemigo','Ryan Holiday','Genero e inclusion',2001,'f14885dbe157e645b37ae7551aaffb49.jpg','ACT','bab81bc2d3bb618bc2e87588d2b536bf.pdf'),(117,'Mujeres','Bukowski','Seguridad Alimentaria',2001,'d6c2bd735424228a20a42475e2321b74.jpg','ACT','73e627099e70a08b5c3e5bae91a09d50.pdf'),(118,'El principito','Luxuperry','Medio Ambiente',2001,'d8d2901199659efae85585d20d3666e2.jpg','ACT','099529085fef49c8adbcaab0cf7b7725.pdf'),(119,'Cartero','Bukowski','Derechos humanos',2001,'41d435160cdba69fe7f9a8e2d0fa5ae2.jpg','ACT','9257145867b825f14d93a12723b4b16b.pdf'),(120,'probando categoria','bukosk','derechos humanos',2001,'efc54a5c61434df0da5548bf1b17bc38.jpg','ACT','a47d300fe7d3d1ddea617c1bb6a93d25.pdf'),(121,'probandocon','kkkq','derechos humanos2',2001,'3813f7f74428cd48b1c9179cfdb6f1d9.jpg','ACT','69514ac8da3da9aadbe3aa06d98a8457.pdf');
/*!40000 ALTER TABLE `libros` ENABLE KEYS */;
UNLOCK TABLES;

--
-- Table structure for table `roles`
--

DROP TABLE IF EXISTS `roles`;
/*!40101 SET @saved_cs_client     = @@character_set_client */;
/*!50503 SET character_set_client = utf8mb4 */;
CREATE TABLE `roles` (
  `id` int NOT NULL AUTO_INCREMENT,
  `nombre` varchar(255) NOT NULL,
  `descripcion` text,
  `fecha_creacion` timestamp NULL DEFAULT CURRENT_TIMESTAMP,
  PRIMARY KEY (`id`)
) ENGINE=InnoDB AUTO_INCREMENT=3 DEFAULT CHARSET=utf8mb4 COLLATE=utf8mb4_0900_ai_ci;
/*!40101 SET character_set_client = @saved_cs_client */;

--
-- Dumping data for table `roles`
--

LOCK TABLES `roles` WRITE;
/*!40000 ALTER TABLE `roles` DISABLE KEYS */;
INSERT INTO `roles` VALUES (1,'Administrador','administrador del sistema','2024-10-10 21:49:09'),(2,'Colaborador','puede ver los archivos','2024-10-10 21:49:09');
/*!40000 ALTER TABLE `roles` ENABLE KEYS */;
UNLOCK TABLES;

--
-- Table structure for table `tecnicos_responsables`
--

DROP TABLE IF EXISTS `tecnicos_responsables`;
/*!40101 SET @saved_cs_client     = @@character_set_client */;
/*!50503 SET character_set_client = utf8mb4 */;
CREATE TABLE `tecnicos_responsables` (
  `id` int NOT NULL AUTO_INCREMENT,
  `nombre` varchar(255) NOT NULL,
  PRIMARY KEY (`id`)
) ENGINE=InnoDB AUTO_INCREMENT=5 DEFAULT CHARSET=utf8mb4 COLLATE=utf8mb4_0900_ai_ci;
/*!40101 SET character_set_client = @saved_cs_client */;

--
-- Dumping data for table `tecnicos_responsables`
--

LOCK TABLES `tecnicos_responsables` WRITE;
/*!40000 ALTER TABLE `tecnicos_responsables` DISABLE KEYS */;
INSERT INTO `tecnicos_responsables` VALUES (1,'Carlos Reyes'),(2,'Jeziel Mejía'),(3,'Carlos Reyes'),(4,'Mauricio Reyes');
/*!40000 ALTER TABLE `tecnicos_responsables` ENABLE KEYS */;
UNLOCK TABLES;

--
-- Table structure for table `tematicas`
--

DROP TABLE IF EXISTS `tematicas`;
/*!40101 SET @saved_cs_client     = @@character_set_client */;
/*!50503 SET character_set_client = utf8mb4 */;
CREATE TABLE `tematicas` (
  `id` int NOT NULL AUTO_INCREMENT,
  `nombre` varchar(255) NOT NULL,
  PRIMARY KEY (`id`)
) ENGINE=InnoDB AUTO_INCREMENT=7 DEFAULT CHARSET=utf8mb4 COLLATE=utf8mb4_0900_ai_ci;
/*!40101 SET character_set_client = @saved_cs_client */;

--
-- Dumping data for table `tematicas`
--

LOCK TABLES `tematicas` WRITE;
/*!40000 ALTER TABLE `tematicas` DISABLE KEYS */;
INSERT INTO `tematicas` VALUES (1,'Educación'),(2,'Salud'),(3,'Medio Ambiente');
/*!40000 ALTER TABLE `tematicas` ENABLE KEYS */;
UNLOCK TABLES;

--
-- Table structure for table `tipos_herramienta`
--

DROP TABLE IF EXISTS `tipos_herramienta`;
/*!40101 SET @saved_cs_client     = @@character_set_client */;
/*!50503 SET character_set_client = utf8mb4 */;
CREATE TABLE `tipos_herramienta` (
  `id` int NOT NULL AUTO_INCREMENT,
  `nombre` varchar(255) NOT NULL,
  PRIMARY KEY (`id`)
) ENGINE=InnoDB AUTO_INCREMENT=7 DEFAULT CHARSET=utf8mb4 COLLATE=utf8mb4_0900_ai_ci;
/*!40101 SET character_set_client = @saved_cs_client */;

--
-- Dumping data for table `tipos_herramienta`
--

LOCK TABLES `tipos_herramienta` WRITE;
/*!40000 ALTER TABLE `tipos_herramienta` DISABLE KEYS */;
INSERT INTO `tipos_herramienta` VALUES (1,'Informe'),(2,'Acuerdo'),(3,'Afiche');
/*!40000 ALTER TABLE `tipos_herramienta` ENABLE KEYS */;
UNLOCK TABLES;

--
-- Table structure for table `usuarios`
--

DROP TABLE IF EXISTS `usuarios`;
/*!40101 SET @saved_cs_client     = @@character_set_client */;
/*!50503 SET character_set_client = utf8mb4 */;
CREATE TABLE `usuarios` (
  `id` int NOT NULL AUTO_INCREMENT,
  `correo` varchar(100) NOT NULL,
  `contrasena` varchar(100) NOT NULL,
  `nombre` varchar(100) DEFAULT NULL,
  `apellido` varchar(100) DEFAULT NULL,
  `telefono` varchar(8) DEFAULT NULL,
  `estado` varchar(3) DEFAULT 'INA',
  `rol` int DEFAULT '0',
  `confirmado` tinyint(1) DEFAULT '0',
  `token` varchar(15) DEFAULT NULL,
  `fecha_creacion` timestamp NULL DEFAULT CURRENT_TIMESTAMP,
  PRIMARY KEY (`id`),
  UNIQUE KEY `correo` (`correo`),
  KEY `idx_rol` (`rol`),
  CONSTRAINT `fk_rol` FOREIGN KEY (`rol`) REFERENCES `roles` (`id`)
) ENGINE=InnoDB AUTO_INCREMENT=100 DEFAULT CHARSET=utf8mb4 COLLATE=utf8mb4_0900_ai_ci;
/*!40101 SET character_set_client = @saved_cs_client */;

--
-- Dumping data for table `usuarios`
--

LOCK TABLES `usuarios` WRITE;
/*!40000 ALTER TABLE `usuarios` DISABLE KEYS */;
INSERT INTO `usuarios` VALUES (14,'editor@example.com','contrasenaEditor','Ana','García','23456789','ACT',1,0,'token456','2024-10-10 21:49:15'),(15,'lector@example.com','contrasenaLector','Luis','Martínez','34567890','ACT',1,1,'token789','2024-10-10 21:49:15'),(16,'correo@gmail.com','$2y$10$IAnjisNUHMT71QJLg1is5uunqBq8JqFI/fzMHYTV0fWtCu2lnmCAS','miguel','reyes','92828282','ACT',1,1,'67095748314ed','2024-10-11 16:50:17'),(17,'miguelxtillo77@gmail.com','$2y$10$Xuldlx3Zhth1JJbRWieo9eRaB/S9Sjy/43918hvd3wS8vW/bvOznW','miguel','reyes','92828282','INA',1,1,'6709577840fb3 ','2024-10-11 16:51:05'),(18,'miguelxtilloq77@gmail.com','$2y$10$CozENdHI0j2wLfqMmbJdZODoVxRZsql3Tqjn00LzoIWyIdmy21Zfa','miguel','reyes','92828282','INA',1,1,'670958d859f0c ','2024-10-11 16:56:57'),(21,' prueba@prueba.com','$2y$10$dM8Tf0HgNXgL2f5FaUlCXOhvvK28jothBRFhDoVT17AQGjCngKe6C','','','','INA',2,0,'670959187a36f ','2024-10-11 16:58:01'),(28,'miguelxtillo@gmail.com','$2y$10$B8sYEIXsIptqRSvhT4DAfu9b9QldHWZEw12v8ZjHnYfWC4Y7ZWhvu','miguel','reyes','88888888','INA',1,0,'67095e812ae9d ','2024-10-11 17:21:06'),(30,'miguelprobando@gmail.com','$2y$10$3x2eYNYfWKM2BbCsEpY9AeIquXT7xuX0bk7jo1ujTmlMhkI68/B/2','','','','ACT',1,0,'6709608f65fce','2024-10-11 17:29:52'),(31,'colaborador@asonog.com','$2y$10$hUlni0tzDCPnXwDULQcFH.U9AkcilN6GnaiQcLQyKW.TqM44sQIjm','carlos','jose','99911929','INA',2,0,'670d6f78df34c','2024-10-14 19:22:34'),(32,'colaborador2@asonog.com','$2y$10$g7RSlGCKo0VPinxMtz0Ku./8Hqp/9xNCoTkw4R4FXX9gEdBDGWzhO','carlos','ramirez','93929283','ACT',2,1,'','2024-10-14 19:27:00'),(33,'colaborador3@asonog.com','$2y$10$dBtVaj7EiWKrTnzOpVJ9nOaGtwhUOZlJGkgjv1Zw6tAAIqle7fn0u','miguel','reyes','88737272','INA',2,1,'','2024-10-14 19:37:46'),(34,'admin@asonog.com','$2y$10$FHlsA0ulRZuun8n3mtiZUukgCWLBvkYcaiugkprlnCqlspNl4ZIh6','miguel','','','ACT',1,1,'','2024-10-14 19:58:39'),(35,'prueba@gmail.com','$2y$10$.34hvDSov2xss.JO10c4geQGVdN8KeXETwGaxhLd9hn4q.0ruFq0O','maria','benitez','92992922','INA',1,1,'','2024-10-14 21:17:03'),(36,'probando@gmail.com','$2y$10$1Ge5zFh6nFD0ARcdAuL1LOJd5Q7UCEH/WyxqVdE..xnf0CqnA2PWa','','','','INA',1,0,'670d8b1ca6f21','2024-10-14 21:20:29'),(37,'probando2@gmail.com','$2y$10$ElJc4/bU3Gsz9GB7GFRhGO7hLKf.CxgNUxXTs1pn7IKtxANUulA8.','miguel','reyes','','INA',2,1,'','2024-10-14 21:23:43'),(38,'probando3@gmail.com','$2y$10$14ZDo5gKoLX2dfiC7rVcpu830LVoOCJEFIRR1UZAMEfPHhHDHiWYu','probando','adj','','INA',2,0,'670d8cd6b8d9b','2024-10-14 21:27:51'),(39,'colabo@asonog.com','$2y$10$uRW6aGGoOhu7DcsCR0hyROG7pUvHHcxAU.93SreZVNuSRoqNXABaW','miguel','reyes','92999393','INA',1,0,'670d8d7bbb9c7','2024-10-14 21:30:36'),(40,'probandosession@asonog.com','$2y$10$v2DXuAnDnAYdAy1A9D85Leknr6sGGWWstTIXtpmCWqPGeH8dMQNTO','jose','miguel','88288383','ACT',1,1,'','2024-10-14 21:35:08'),(41,'correo2@correo.com','$2y$10$KILrBT0iaGnSenXnN5guLucJIqsoQ57a.3PFlz7Ata554An.dGRLy','','','','ACT',2,1,'','2024-10-14 21:38:48'),(42,'probando23@gmail.com','$2y$10$II8Nhc649m5Ph1BtDSqxZelTQlKxfEwMf.FfiO9ttkrN6K1e8ZAM.','miguel','reyes','92929992','ACT',2,1,'','2024-10-14 21:40:29'),(43,'miguel1@gmail.com','$2y$10$H.PrTjrB3pFmgY1etoHQWOAh6b52goZP19rik0lSXQc5SpPCEVTtq','miguel','reyes','88282828','ACT',2,1,'','2024-10-14 22:07:27'),(44,'test@test.com','$2y$10$HMUxF6cfSRiSdTqdSNFcTukDQYwNqbHA9l22S3VTjU/rwQVLNiXba','miguel','reyes','98282828','ACT',2,1,'','2024-10-14 22:13:47'),(45,'admintest@gmail.com','$2y$10$pzScWt.JMsISV6bo4p.d9.HFWU3OAsVydPhrpt26T5tyYk6a.8rQ6','admin','admin','','ACT',1,1,'','2024-10-14 22:15:47'),(46,'probandoonline@gmail.com','$2y$10$0w3c0AeFPq49BuQ0kDdnUO1wlxZM/HFr/52t.VexHOh8V1mtptO6e','probando','probando','33883388','ACT',2,1,'','2024-10-14 22:27:04'),(47,'branchtest@gmail.com','$2y$10$JrkEc6mi3BCkycF5jZvKVu3UsQ./7gQPlnsHTTvtudi0/HVwbn8W.','miguel','reyes','88288282','ACT',2,1,'','2024-10-14 22:33:12'),(48,'prueba2@gmail.com','$2y$10$5qNDng2jyKc2X6231ZsIYetxomO1bIVOO6mTFaIK5igeQCgaEvg6e','','','','ACT',1,1,'','2024-10-15 14:49:46'),(49,'probandodemo@gmail.com','$2y$10$SJF17JkGt9u2LdemnZxix.EI7KZPKeVHRUpUHg8FjQ3y4NwyED8q.','miguel','reyes','88828828','ACT',1,1,'','2024-10-15 15:50:21'),(50,'tmppass@gmail.com','$2y$10$R6wFYdl2hiltAZOVYpb2We6ipqI7uDhtbwfUn1iSCGxqsosib94ge','','','','ACT',1,1,'','2024-10-15 16:00:08'),(51,'tmppas@gmail.com','$2y$10$bVPplKehPzdrtO658yCxj.GWIv5k5KbTTBQg2XkEd4jpHL1oAu2WG','miguel','reyes','88282828','INA',2,0,'670e94dff35e0','2024-10-15 16:14:25'),(52,'tmppas2@gmail.com','$2y$10$UnI7m1Rcb3ucKrlvxUHQP.0o2lPHIzSl6LiHCw/8sYj.WOq3ALVlG','miguel','reyes','88282828','ACT',2,1,'','2024-10-15 16:16:38'),(53,'tmppas3@gmail.com','$2y$10$Y87WiCxluVuk4MoQGDT.4u8zmSzBzrdg1RxNSV0mYcLUIT9YSbnPe','miguel','reyes','88282828','ACT',2,1,'','2024-10-15 16:23:17'),(54,'tmppas4@gmail.com','$2y$10$0h8R/igYJRe8VtjX3QVkfeo.ADYxHTNZoOUx2updWe4XZptnFxYxO','miguel','reyes','88282828','INA',2,0,'670e9727c1d9a','2024-10-15 16:24:08'),(55,'tmppas5@gmail.com','rWDYA','miguel','reyes','88282828','ACT',2,1,'','2024-10-15 16:25:35'),(56,'testtmp7@gmail.com','9OlR5','miguel','reyes','92282882','INA',1,0,'670e9878aa0b9','2024-10-15 16:29:45'),(57,'testst@gmail.com','$2y$10$26QqvDe7B7VFpqVKbu.j1O.qeK5K151mVgxZmlfUMcee2SyV/ZX1q','','','','INA',2,0,'670e98a48a935','2024-10-15 16:30:29'),(58,'testst3@gmail.com','$2y$10$g4WizV3g0f4vJPPIQ1Nu5eVTonykLwTNCEZHwZQSi9KSr7wVKWR6e','','','','ACT',2,1,'','2024-10-15 16:33:04'),(59,'testingaa@gmail.com','$2y$10$gtu9ZAR5tFaio/WHVaqOW.8uNBnNO8PQ/AIPApf5/Qw8uNqA1jpm2','','','','INA',1,0,'','2024-10-15 17:03:52'),(60,'testingaa2@gmail.com','$2y$10$WPug4aY0xlx4w2PjFXCQRedySOmi.lzdiSwWaL62w.u3BcrW1LWFW','','','','ACT',1,1,'','2024-10-15 17:37:01'),(61,'tmepp@gmail.com','$2y$10$rUIkgvJC0UWmynDaTEder.4y94j9Vc0V4pOPI/e5izLlqedS5Ag5e','miguel','reyes','82828282','ACT',2,1,'','2024-10-15 17:45:11'),(62,'tmepp2@gmail.com','$2y$10$BHw5XNgTR9ehcHJ08pbEcOqztQngmjXkted6MW5QVvvvkyB1EbSQy','miguel','reyes','82828282','ACT',2,1,'','2024-10-15 17:51:31'),(63,'tmepp23@gmail.com','$2y$10$uM2jNS76hvnVdEZb4fHCp.wbe7iw8C50PjTgXPeH5LSnbtGOPksQK','miguel','reyes','82828282','ACT',2,1,'','2024-10-15 17:53:42'),(64,'testingaa8@gmail.com','$2y$10$4gkCK3sUchB91/iv1GCwC.zSF5pc4aMq7JnHGjgQaLMhOkZMPfjZC','miguel','reyes','99982828','ACT',2,1,'','2024-10-15 17:57:01'),(65,'testingemail@gmail.com','$2y$10$vyazdepBAsNx6cIo3lyAiOX.KUcNlbkyHrX3fMoEnnmAHt9JIPS2m','miguel','reyes','99929292','ACT',1,1,'','2024-10-15 21:14:07'),(66,'testingemail2@gmail.com','$2y$10$lh0VI3z9uoGHkaJwqChNAe2yqpqyxf7wDWjsn64nD6M63UbtLijdi','miguel','reyes','99929292','INA',1,0,'670edb989a6bc','2024-10-15 21:16:09'),(67,'prueba@prueba.com','$2y$10$SaHuqh5gp0474L1oRx660.WcbuoMzZzk4AZEO82j80oL9wTxfGtiK','miguel','reyes','99992929','ACT',2,1,'','2024-10-15 22:22:12'),(68,'miguelasda@gmail.com','$2y$10$n8NIJbYPw8mw2GKN6hOyaOnEhi9EC/djRGrdiOLXpv3fK6mR/0IK6','miguel','reyes','88828888','INA',1,0,'670eec39d1bca','2024-10-15 22:27:06'),(69,'miguqweel@gmail.com','$2y$10$oyYX9YP6/kj/UumZo3izyusZvOAQyz8pkqHnNdSHgSBHJHk6vt6MK','miguel','reyes','88282828','INA',2,0,'670eec8c1da7a','2024-10-15 22:28:29'),(70,'imfmfm@gmail.com','$2y$10$TMhKVA51ddcLhNj87nVch.1WmnhGoJUj1mIfrRUQm0Mm0Gh/LuWAS','miguel','reyes','99929292','INA',1,0,'670eecae2a9fb','2024-10-15 22:29:03'),(71,'asasdasd@gmail.com','$2y$10$I1FX8H2B2ljOjQ29Uq08nOmAV/VkxG0.K3/hyc2a5tHTZHaUesVYe','','','','INA',2,0,'670eed92268dc','2024-10-15 22:32:51'),(72,'miguel1ree@gmail.com','$2y$10$5vQ.Ghi/Cpyn/I/J7Gk9/OHGHv.AfnmkRS3Mn.8IGefsoLxaUi4zC','','','','INA',1,0,'670eedd3256f9','2024-10-15 22:33:56'),(73,'majaj@gmail.com','$2y$10$xR6up2V6N5luHGzxy1wKIucx1.tEcw8EqR3kXvntxs1sHX5SKRL0W','Jose','miguel','99992992','INA',2,0,'670eee561d13b','2024-10-15 22:36:07'),(74,'miguel1reyesjja@gmail.com','$2y$10$S/cscWqZnCKPPraHAp0C.eG8TCnyH27iGf1.39Oom48XopJeu8gWK','miguel','reyes','88828282','ACT',2,1,'','2024-10-15 22:39:10'),(75,'correo@gma.com','$2y$10$1n1DkgtCt1qUlIBqY5oW2OVaQEPZSXxoz60QnjFYKBgnq3MJgY78m','','','','ACT',2,1,'','2024-10-16 20:02:41'),(76,'admin@admin.com','$2y$10$3i6GDfmLHDK1B6v25/oEpuvn5b8oRnjxASgtvoGAYAGE5ZKeYMJqm','miguel','reyes','88772722','INA',1,1,'','2024-10-17 20:02:09'),(77,'preprod@gmail.com','$2y$10$6YIOb820kcMScg8RYggRsu76QJ8gIMgI5anvQSRZ6Qg/UWs5PCKL6','miguel','reyes','82828282','ACT',2,1,'','2024-10-17 20:08:59'),(78,'pruebademo2@fmail.com','$2y$10$kn/ujqeUwTXriDXFG5FC2.sQx732.jW3JE3OOjDWAcB.7PxInGrWm','miguel','reyes','99928288','ACT',1,1,'','2024-10-17 20:12:45'),(79,'computadora@gmail.com','$2y$10$7mX3bQU6XZkzOWJniANeie5bdskA8FpdQxi36lJvlgvwiPis39Xfu','miguel','reyes','99999929','ACT',1,1,'','2024-10-17 20:15:09'),(80,'probando@probando.com','$2y$10$.r1LjHqevq5Lmqqf8jeuU.zlp1HVmV0Ey70uSrj5W5C/HIqJIMA9W','','','','INA',1,1,'','2024-10-17 20:39:09'),(81,'testtt@gmail.com','$2y$10$gZueonLcImHuuadPBS3/2eJRixmqOEUCaO9.uoMnxeBgcpdKdSeYm','miguel','reyes','99922992','ACT',1,1,'','2024-10-18 14:36:26'),(82,'testtts@gmail.com','$2y$10$GdIC66FlAQLIyxObNABZH.wktjui1nPDtUMA5/Fs86IXGbZX5n4Gi','miguel','reyes','99922992','ACT',1,1,'','2024-10-18 14:50:54'),(83,'probaaanndooo@gmail.com','$2y$10$ouW.ckQJq8T5dAkXpJqSQeVj0ELYBr7oiexEBz.b833FEQF1d9oZy','hola','hola','88282828','ACT',2,1,'','2024-10-18 14:53:27'),(84,'jajjaaa@gmail.com','$2y$10$qNDMZ2rta79YZDi6KyfMW.Il.WdWhhFCQj0q8UBLE2iMCjSamiaza','hola','hola','88282828','ACT',1,1,'','2024-10-18 14:59:18'),(85,'karol@asonog.com','$2y$10$FoX6AtdjpeU1e802GSD6Pehc6DUjeR8wo2t.1INiJh49CyWch.ChC','','','','ACT',1,1,'','2024-10-18 20:44:57'),(86,'karol2@asonog.com','$2y$10$79ZYq8EvnrjeubAExijX9uW8pHsAKiIHwHOJZxsQ0CAIQk4Z1qxaG','','','','ACT',2,1,'','2024-10-18 20:53:07'),(87,'proabndodo@gmail.com','$2y$10$NtVg1q1UWeCFHAA0x8rk3en3MpL7oUFQcNh1zdK4mI9C3ufM1KtXC','miguel','reyes','99992929','ACT',1,1,'','2024-10-18 22:10:12'),(88,'probandogestion@gmail.com','$2y$10$TASYW4CQbEYP3yUTQAfWeuTPIwa2QSeqBN17uN0Cl2dLo0Lh1SJaa','gestion','gestion','88642297','ACT',2,1,'','2024-10-23 17:13:58'),(89,'testing@gmail.com','$2y$10$BBehEf5KXx3yHArMeSMPZu1d4ue5DFiGeisJOyKa06I/67.YvKpaq','miguel','testing','99992929','ACT',1,1,'','2024-10-24 21:44:05'),(90,'miguel@as.com','$2y$10$/.tClXXoKgblhXLMCGiDJu9nY.qHgsNDZgepS/ziG/tmFjm2DXIJG','mife','','','ACT',1,1,'','2024-10-24 22:22:08'),(92,'probandomodes@asonog.cpm','$2y$10$CZ5vaY/EzrGAw.oitj5spu3TWsdAIxqLlmDjrpALuIjZ6uPtYdGIq','miguel','reyes','28282828','INA',2,0,'671ad00b1b7a7','2024-10-24 22:54:04'),(97,'test@gmail.comm','$2y$10$JIXj7.rY4253.LLKjBtJ.OYKn.4j5H.F8X48Sa/1UbWQyGGuu1vNi','mar','espinoza','99989898','ACT',1,1,'','2024-10-28 16:44:32'),(99,'tesaaa@gmail.com','$2y$10$4BH1ImqtThIbk6SJCjTM3Op5aWhV2sh/MLZKRAc2FvOpes9Pd7q3q','miguel','reyes','','INA',2,1,'','2024-10-30 17:38:37');
/*!40000 ALTER TABLE `usuarios` ENABLE KEYS */;
UNLOCK TABLES;

--
-- Dumping events for database 'centro_recursos_asonog'
--
/*!50106 SET @save_time_zone= @@TIME_ZONE */ ;
/*!50106 DROP EVENT IF EXISTS `limpiar_bitacora` */;
DELIMITER ;;
/*!50003 SET @saved_cs_client      = @@character_set_client */ ;;
/*!50003 SET @saved_cs_results     = @@character_set_results */ ;;
/*!50003 SET @saved_col_connection = @@collation_connection */ ;;
/*!50003 SET character_set_client  = utf8mb4 */ ;;
/*!50003 SET character_set_results = utf8mb4 */ ;;
/*!50003 SET collation_connection  = utf8mb4_0900_ai_ci */ ;;
/*!50003 SET @saved_sql_mode       = @@sql_mode */ ;;
/*!50003 SET sql_mode              = 'ONLY_FULL_GROUP_BY,STRICT_TRANS_TABLES,NO_ZERO_IN_DATE,NO_ZERO_DATE,ERROR_FOR_DIVISION_BY_ZERO,NO_ENGINE_SUBSTITUTION' */ ;;
/*!50003 SET @saved_time_zone      = @@time_zone */ ;;
/*!50003 SET time_zone             = 'SYSTEM' */ ;;
/*!50106 CREATE*/ /*!50117 DEFINER=`root`@`localhost`*/ /*!50106 EVENT `limpiar_bitacora` ON SCHEDULE EVERY 1 DAY STARTS '2024-10-15 16:54:18' ON COMPLETION NOT PRESERVE ENABLE DO DELETE FROM bitacora_acceso WHERE fecha_acceso < NOW() - INTERVAL 6 MONTH */ ;;
/*!50003 SET time_zone             = @saved_time_zone */ ;;
/*!50003 SET sql_mode              = @saved_sql_mode */ ;;
/*!50003 SET character_set_client  = @saved_cs_client */ ;;
/*!50003 SET character_set_results = @saved_cs_results */ ;;
/*!50003 SET collation_connection  = @saved_col_connection */ ;;
DELIMITER ;
/*!50106 SET TIME_ZONE= @save_time_zone */ ;

--
-- Dumping routines for database 'centro_recursos_asonog'
--
/*!40103 SET TIME_ZONE=@OLD_TIME_ZONE */;

/*!40101 SET SQL_MODE=@OLD_SQL_MODE */;
/*!40014 SET FOREIGN_KEY_CHECKS=@OLD_FOREIGN_KEY_CHECKS */;
/*!40014 SET UNIQUE_CHECKS=@OLD_UNIQUE_CHECKS */;
/*!40101 SET CHARACTER_SET_CLIENT=@OLD_CHARACTER_SET_CLIENT */;
/*!40101 SET CHARACTER_SET_RESULTS=@OLD_CHARACTER_SET_RESULTS */;
/*!40101 SET COLLATION_CONNECTION=@OLD_COLLATION_CONNECTION */;
/*!40111 SET SQL_NOTES=@OLD_SQL_NOTES */;

-- Dump completed on 2024-10-30 15:34:11
